session,lap,lap_time,corner,direction,entry_speed,min_speed,exit_speed,min_s,brake_peak_g,brake_dist_m,brake_time_s,coast_time_s,trail_brake_s,max_lat_g,steer_yaw_std,steer_yaw_jerk,gas_start_speed,gas_start_s
RaceBox Track Sessionon 29-05-2026 21-25.csv,1,44.652,1,R,44.00088311688307,23.839012987012957,32.516571428571396,29.3701827163694,-0.6341168831168824,15.485966161844662,1.5999999999999996,0.40000000000000213,4.0,1.1585627705627692,0.8079283932781346,8.107054375513686,47.02753246753242,114.28967076723492
RaceBox Track Sessionon 29-05-2026 21-25.csv,1,44.652,2,L,33.85106493506489,29.12742857142854,29.88654545454542,157.77597367931415,-0.3889047619047615,26.420198616040892,3.200000000000003,1.5,2.5,1.161415584415583,0.5152899964271113,8.678649705541865,36.022753246753204,119.70207789017145
RaceBox Track Sessionon 29-05-2026 21-25.csv,1,44.652,3,L,43.6921558441558,28.315012987012956,28.333870129870096,204.7303334236513,-0.37777056277056237,10.443825997677521,1.0,0.0,0.4,1.0229913419913408,0.7737544659436334,9.965830028887554,28.333870129870096,219.7490472487744
RaceBox Track Sessionon 29-05-2026 21-25.csv,1,44.652,4,L,30.21802597402594,24.66218181818179,38.04638961038956,225.093910680353,-0.38934632034631994,9.639397247257108,1.4000000000000021,0.0,1.4000000000000001,1.0816363636363624,0.77348429782945,9.965830028887554,34.44031168831165,264.2579172244486
RaceBox Track Sessionon 29-05-2026 21-25.csv,1,44.652,5,L,42.35516883116878,29.95729870129867,39.612779220779174,273.6771473267312,-0.36462770562770525,21.137907593960335,1.8999999999999986,0.0,0.1,0.7881688311688303,0.5943245650637641,5.144357970253084,41.844779220779174,311.74242397928646
RaceBox Track Sessionon 29-05-2026 21-25.csv,1,44.652,6,L,42.88301298701294,26.36961038961036,36.782961038961,322.4849086097447,-0.6619134199134192,10.74248463045825,1.3999999999999986,0.19999999999999574,1.8,0.9731991341991331,0.5917022897289164,4.433136300065519,53.707792207792146,424.36546973607346
RaceBox Track Sessionon 29-05-2026 21-25.csv,2,43.377,1,R,44.12820779220774,26.716675324675293,31.913922077922038,30.890933435103452,-0.7459134199134191,0.0,0.0,6.200000000000003,3.9000000000000004,1.0944025974025962,0.8301179182133234,5.510877113172221,36.093662337662295,119.70207789017145
RaceBox Track Sessionon 29-05-2026 21-25.csv,2,43.377,2,L,36.60701298701294,28.35615584415581,29.57937662337659,155.38536181830224,-0.3536580086580082,43.74713789953333,4.200000000000003,2.0999999999999943,1.6,1.1646190476190463,0.48655223852302915,5.083271446433384,36.093662337662295,119.70207789017145
RaceBox Track Sessionon 29-05-2026 21-25.csv,2,43.377,3,L,44.6066493506493,27.470493506493476,28.795168831168798,208.58249753055333,-0.44096103896103844,23.935873707759526,2.299999999999997,0.0,0.6000000000000001,1.0017532467532457,0.8600728358701158,6.435901616728906,28.795168831168798,219.7490472487744
RaceBox Track Sessionon 29-05-2026 21-25.csv,2,43.377,4,L,27.650805194805162,25.46742857142854,39.06467532467528,225.8456495452844,-0.42394805194805146,5.2826955169755365,0.7999999999999972,0.3999999999999915,1.3,1.0636363636363624,0.7725515159996518,6.435901616728906,25.834597402597375,227.3146921528989
RaceBox Track Sessionon 29-05-2026 21-25.csv,2,43.377,5,L,41.56628571428567,31.699480519480478,37.76244155844151,269.1024678027653,-0.29546753246753216,0.0,0.0,0.0,0.4,0.7821298701298692,0.5934527096588195,5.650503453331499,40.44483116883112,311.74242397928646
RaceBox Track Sessionon 29-05-2026 21-25.csv,2,43.377,6,L,43.84628571428566,28.64150649350646,37.15059740259736,323.3177284039944,-0.7145021645021636,11.575304424707952,1.3000000000000114,0.20000000000000284,1.8,1.2445108225108212,0.6082357885202322,4.72984227290531,54.35485714285708,424.36546973607346
RaceBox Track Sessionon 29-05-2026 21-25.csv,3,43.479,1,R,48.417662337662286,26.855220779220748,33.54249350649347,29.3701827163694,-0.34614285714285675,6.372881215864048,0.7000000000000028,5.900000000000006,3.7,1.2081601731601717,0.8502077222919537,5.497787143781983,35.347168831168794,121.01130350202293
RaceBox Track Sessionon 29-05-2026 21-25.csv,3,43.479,2,L,37.51901298701295,27.311844155844124,28.566389610389578,154.6403828181315,-0.6561038961038953,36.32337759568114,3.5999999999999943,0.5,3.1,1.2959870129870117,0.43832450693089037,3.7088246604878528,28.188311688311657,158.57326118214652
RaceBox Track Sessionon 29-05-2026 21-25.csv,3,43.479,3,L,43.80888311688307,23.278909090909064,28.04524675324672,207.76942693001934,-0.32061038961038923,21.899754301781684,2.200000000000003,0.09999999999999432,0.7000000000000001,0.8476709956709947,0.8847016606801056,7.234389749516957,27.621974025973994,219.7490472487744
RaceBox Track Sessionon 29-05-2026 21-25.csv,3,43.479,4,L,23.84322077922075,23.84322077922075,27.82394805194802,209.33564942800695,-0.47275757575757527,0.0,0.0,0.0,0.5,1.021281385281384,0.7801348242078866,4.337143191206347,35.46280519480515,264.2579172244486
RaceBox Track Sessionon 29-05-2026 21-25.csv,3,43.479,5,L,42.09148051948047,29.508779220779186,38.35106493506489,270.02273523891506,-0.47275757575757527,17.48349550614421,1.7000000000000028,1.0999999999999943,0.0,0.6353852813852806,0.5786373015293539,4.062253834017293,40.99059740259735,311.74242397928646
RaceBox Track Sessionon 29-05-2026 21-25.csv,3,43.479,6,L,43.8520519480519,28.660675324675292,37.0815584415584,323.3177284039944,-0.7942294372294363,10.559552153369793,1.2999999999999972,0.20000000000001705,2.2,1.1289047619047605,0.6050156974949752,4.062253834017293,55.56405194805188,419.83605080239795
RaceBox Track Sessionon 29-05-2026 21-25.csv,4,42.946,1,R,48.99070129870125,26.64342857142854,33.02275324675321,28.642404849845292,-0.6021428571428564,18.574877946920154,1.799999999999983,0.6999999999999886,2.9000000000000004,1.4096623376623358,0.8402738216419294,4.559672670835167,48.20322077922072,117.01318817653008
RaceBox Track Sessionon 29-05-2026 21-25.csv,4,42.946,2,L,38.27142857142852,28.394961038961004,29.632675324675294,156.98743994021476,-0.4589696969696965,19.109800972805147,2.5,0.30000000000001137,2.5,1.2253160173160158,0.490337232096151,5.4672438818711555,28.845194805194772,158.57326118214652
RaceBox Track Sessionon 29-05-2026 21-25.csv,4,42.946,3,L,32.61412987012984,27.485766233766203,27.485766233766203,219.7490472487744,-0.8139090909090899,35.10242342598059,3.5999999999999943,0.30000000000001137,0.5,0.8914329004328995,0.9213506037475362,6.396631708558019,29.521870129870095,204.7303334236513
RaceBox Track Sessionon 29-05-2026 21-25.csv,4,42.946,4,L,27.68259740259737,25.858597402597372,38.236987012986965,225.093910680353,-0.4018787878787874,0.0,0.0,0.0,0.8,1.0492987012987,0.8233583448061415,6.396631708558019,36.179844155844116,264.2579172244486
RaceBox Track Sessionon 29-05-2026 21-25.csv,4,42.946,5,L,43.50779220779216,31.490337662337623,40.60909090909086,275.4969366753276,-0.5973419913419907,12.322843420831816,1.200000000000017,0.0,0.6000000000000001,0.9596666666666656,0.5965547689036151,3.3073989325290505,40.70072727272722,311.74242397928646
RaceBox Track Sessionon 29-05-2026 21-25.csv,4,42.946,6,L,43.619844155844106,29.06493506493503,37.03044155844151,323.3177284039944,-0.5973419913419907,18.801497525165416,1.9000000000000057,0.0,1.6,1.7425757575757554,0.615342886265809,5.297074279803503,54.932571428571364,424.36546973607346
RaceBox Track Sessionon 29-05-2026 21-25.csv,5,43.883,1,R,46.45729870129865,24.011220779220746,32.73880519480516,30.147209972942033,-0.41881385281385236,28.67040139645496,2.700000000000017,6.199999999999989,3.6,1.0025238095238083,0.8238373924085635,6.243915399007455,34.788779220779176,121.01130350202293
RaceBox Track Sessionon 29-05-2026 21-25.csv,5,43.883,2,L,34.957246753246714,26.645454545454516,28.476623376623344,153.85952016287865,-0.42056709956709915,42.22129624410974,4.199999999999989,0.19999999999998863,1.8,1.3353506493506477,0.49098460415364076,4.769112181073426,27.802285714285684,156.98743994021476
RaceBox Track Sessionon 29-05-2026 21-25.csv,5,43.883,3,L,42.92103896103891,25.537558441558414,27.31480519480516,208.58249753055333,-0.4856277056277051,23.935873707759526,2.4000000000000057,0.39999999999997726,1.6,0.9760909090909079,1.0069234246791463,7.208209810736539,27.22768831168828,219.7490472487744
RaceBox Track Sessionon 29-05-2026 21-25.csv,5,43.883,4,L,25.73968831168828,25.73968831168828,28.411168831168798,209.33564942800695,-0.42519047619047573,0.0,0.0,0.30000000000001137,1.5,1.1715670995670981,0.7579006083707618,7.208209810736539,43.194077922077874,257.256660953078
RaceBox Track Sessionon 29-05-2026 21-25.csv,5,43.883,5,L,41.58888311688307,31.456519480519443,40.46181818181813,273.6771473267312,-0.4202683982683978,21.137907593960335,2.0,0.0,0.5,0.8689610389610379,0.5785549469889812,3.4862951808590585,41.04280519480515,311.74242397928646
RaceBox Track Sessionon 29-05-2026 21-25.csv,5,43.883,6,L,43.860779220779165,28.796883116883084,37.35116883116879,323.3177284039944,-0.6022987012987006,11.575304424707952,1.3000000000000114,0.0,1.7000000000000002,1.597792207792206,0.603830521037237,3.228859116189557,54.428415584415525,424.36546973607346
RaceBox Track Sessionon 29-05-2026 21-25.csv,6,42.983,1,R,49.94898701298696,26.892155844155813,34.80810389610385,27.917034657464207,-1.110138528138527,0.0,0.0,5.800000000000011,2.2,1.262541125541124,0.8491297700824647,4.721115626643641,35.01490909090905,121.01130350202293
RaceBox Track Sessionon 29-05-2026 21-25.csv,6,42.983,2,L,34.74280519480515,28.12363636363633,28.699480519480485,157.77597367931415,-0.4411861471861467,31.508453987513192,3.3000000000000114,0.30000000000001137,1.7000000000000002,1.2304848484848472,0.5276723402330794,4.4025930381545315,29.278597402597367,153.85952016287865
RaceBox Track Sessionon 29-05-2026 21-25.csv,6,42.983,3,L,43.32779220779216,28.039168831168798,30.84561038961035,204.7303334236513,-0.5014545454545449,20.083709600857503,1.8999999999999773,0.29999999999998295,0.0,0.8200562770562762,0.8720459890119879,7.657632093125404,31.39714285714282,199.92092370106388
RaceBox Track Sessionon 29-05-2026 21-25.csv,6,42.983,4,L,29.530441558441524,25.979844155844123,38.6602597402597,227.3146921528989,-0.3627099567099563,5.225745147600492,0.799999999999983,0.0,1.9000000000000001,1.1858354978354966,0.761307579095647,7.657632093125404,35.952467532467494,264.2579172244486
RaceBox Track Sessionon 29-05-2026 21-25.csv,6,42.983,5,L,42.414857142857095,29.59994805194802,39.81818181818178,274.5766273244419,-0.41721212121212076,22.037387591671063,2.0999999999999943,0.0,0.30000000000000004,0.7602770562770554,0.590780255486715,6.8286006984286525,39.68727272727268,311.74242397928646
RaceBox Track Sessionon 29-05-2026 21-25.csv,6,42.983,6,L,44.74083116883112,29.649350649350616,37.59459740259736,325.78182724138736,-0.9384891774891765,16.29970571040525,1.8000000000000114,0.10000000000002274,1.2000000000000002,0.9162164502164492,0.6113961396254818,5.414884004310876,55.30784415584409,424.36546973607346
RaceBox Track Sessionon 29-05-2026 21-25.csv,7,42.761,1,R,47.501298701298644,26.678337662337633,33.213038961038926,29.3701827163694,-0.7302077922077913,26.433340819526936,2.3999999999999773,0.0,4.3,1.1379350649350637,0.8309369658378143,3.953170755770421,35.48181818181814,119.70207789017145
RaceBox Track Sessionon 29-05-2026 21-25.csv,7,42.761,2,L,40.09355844155839,27.194805194805163,28.902701298701263,153.03841865115206,-0.5123419913419908,25.36943186899977,2.6999999999999886,0.0,2.5,1.250290043290042,0.5473560342264879,7.347836150896376,35.48181818181814,119.70207789017145
RaceBox Track Sessionon 29-05-2026 21-25.csv,7,42.761,3,L,43.67158441558436,28.387636363636332,30.363428571428535,204.7303334236513,-0.5622510822510817,20.083709600857503,1.8000000000000114,0.0,0.5,0.8868658008657998,0.9183611877192529,6.985680331108099,30.363428571428535,219.7490472487744
RaceBox Track Sessionon 29-05-2026 21-25.csv,7,42.761,4,L,29.2843636363636,26.763272727272696,39.29454545454541,225.8456495452844,-0.4189264069264064,6.096602296510014,0.9000000000000341,0.0,0.8,1.0540519480519468,0.8044682747842918,6.985680331108099,36.19854545454541,264.2579172244486
RaceBox Track Sessionon 29-05-2026 21-25.csv,7,42.761,5,L,43.93698701298696,32.48212987012983,41.46810389610385,275.4969366753276,-0.5331645021645016,12.322843420831816,1.1000000000000227,0.0,1.1,0.8314502164502156,0.5883703367432239,3.220132469929954,40.07548051948047,311.74242397928646
RaceBox Track Sessionon 29-05-2026 21-25.csv,7,42.761,6,L,43.756207792207746,30.029298701298668,37.759480519480476,324.1541069882232,-0.46945887445887396,20.867852476594976,2.099999999999966,0.0,1.6,1.2117792207792195,0.611612092726839,4.132067004099735,55.22961038961033,424.36546973607346
RaceBox Track Sessionon 29-05-2026 21-25.csv,8,43.854,1,R,48.60903896103891,26.824363636363604,34.62280519480515,28.642404849845292,-0.7654502164502156,0.0,0.0,5.699999999999989,3.1,1.2564329004328991,0.8483532132456127,4.2542400517366685,34.044623376623335,119.70207789017145
RaceBox Track Sessionon 29-05-2026 21-25.csv,8,43.854,2,L,35.39189610389606,27.272571428571396,28.438753246753215,155.38536181830224,-0.4342900432900428,42.39280153738616,3.8999999999999773,1.5,0.5,1.263480519480518,0.5340747234306539,5.750859885320893,33.50898701298697,141.5120513216672
RaceBox Track Sessionon 29-05-2026 21-25.csv,8,43.854,3,L,44.19132467532463,26.824051948051917,29.050597402597365,206.28515872267624,-0.5032597402597396,21.638534899882444,2.0,0.0,0.6000000000000001,0.9726666666666655,0.9750322063465541,5.044001538262316,28.59958441558438,219.7490472487744
RaceBox Track Sessionon 29-05-2026 21-25.csv,8,43.854,4,L,27.71641558441555,25.562649350649323,37.76898701298697,225.093910680353,-0.504515151515151,10.504360752424446,1.5,0.0,1.3,1.0957402597402586,0.7732020356467942,5.044001538262316,31.00535064935061,264.2579172244486
RaceBox Track Sessionon 29-05-2026 21-25.csv,8,43.854,5,L,39.391480519480474,26.487584415584386,39.14181818181813,276.4194838700681,-0.6614199134199127,16.755036350820774,1.8999999999999773,0.0,1.1,0.6736969696969689,0.6192325640574528,6.693337681396448,35.852415584415546,311.74242397928646
RaceBox Track Sessionon 29-05-2026 21-25.csv,8,43.854,6,L,42.21927272727268,27.92664935064932,37.24020779220775,324.1541069882232,-0.6614199134199127,22.095579209145228,2.3999999999999773,0.10000000000002274,2.3000000000000003,0.893956709956709,0.6310917684919264,4.838925351154829,53.06836363636357,424.36546973607346
RaceBox Track Sessionon 29-05-2026 21-25.csv,9,43.032,1,R,44.57470129870125,27.913870129870098,32.67054545454541,31.662883769467886,-0.8036190476190468,0.0,0.0,0.30000000000001137,3.9000000000000004,1.1968787878787865,0.8504022613100308,6.405358354820285,48.60420779220773,117.01318817653008
RaceBox Track Sessionon 29-05-2026 21-25.csv,9,43.032,2,L,40.23553246753242,26.916935064935032,29.164051948051913,153.85952016287865,-0.5170865800865795,42.22129624410974,4.0,0.19999999999998863,1.4000000000000001,1.796108225108223,0.4796751123567052,4.555309347706029,27.151480519480486,153.03841865115206
RaceBox Track Sessionon 29-05-2026 21-25.csv,9,43.032,3,L,34.71974025974022,29.354493506493473,30.18342857142854,219.7490472487744,-0.6655800865800857,35.10242342598059,3.5,0.0,0.2,0.6574458874458867,0.8178061940130126,8.124507668033948,29.354493506493473,219.7490472487744
RaceBox Track Sessionon 29-05-2026 21-25.csv,9,43.032,4,L,30.72015584415581,25.711636363636334,38.70233766233762,223.59792405104903,-0.5583809523809518,5.515067939398278,0.8999999999999773,0.10000000000002274,0.6000000000000001,1.1987662337662324,0.8396104036911446,8.124507668033948,36.6308571428571,264.2579172244486
RaceBox Track Sessionon 29-05-2026 21-25.csv,9,43.032,5,L,42.446805194805144,32.01241558441555,40.26670129870125,272.7509482026615,-0.46121212121212074,14.304889441452701,1.400000000000034,0.0,0.6000000000000001,1.002978354978354,0.5933003711466859,4.07534380340506,41.66976623376619,311.74242397928646
RaceBox Track Sessionon 29-05-2026 21-25.csv,9,43.032,6,L,44.8692467532467,30.028831168831132,37.70477922077918,324.1541069882232,-0.5348658008658003,23.279592416487105,2.3000000000000114,0.0,1.1,1.3110346320346307,0.6104819709837527,4.07534380340506,55.49158441558435,424.36546973607346
RaceBox Track Sessionon 29-05-2026 21-25.csv,10,42.992,1,R,49.8690389610389,26.313974025973994,34.78005194805191,28.642404849845292,-0.5073246753246747,22.78797115078477,2.1000000000000227,0.0,2.9000000000000004,1.1878225108225096,0.8617552942353112,8.011061266656657,48.78171428571423,119.70207789017145
RaceBox Track Sessionon 29-05-2026 21-25.csv,10,42.992,2,L,39.70737662337658,26.46935064935062,28.078753246753216,154.6403828181315,-0.4555367965367961,38.98503802561787,3.8000000000000114,0.19999999999998863,2.4000000000000004,1.1580259740259728,0.5086982375262387,8.054694497952031,28.078753246753216,160.94387140949053
RaceBox Track Sessionon 29-05-2026 21-25.csv,10,42.992,3,L,32.9136623376623,27.17641558441555,27.82129870129867,219.7490472487744,-0.3959696969696965,32.67184586274743,3.5,0.0,0.7000000000000001,0.9900086580086568,0.958558792480494,7.199483164475225,27.17641558441555,219.7490472487744
RaceBox Track Sessionon 29-05-2026 21-25.csv,10,42.992,4,L,27.96794805194802,25.540363636363608,37.21402597402594,224.3580508431215,-0.26793073593073563,6.275194731470748,1.0,0.9000000000000341,2.1,1.1281255411255398,0.8096772567996481,7.199483164475225,39.235168831168785,248.07518884811319
RaceBox Track Sessionon 29-05-2026 21-25.csv,10,42.992,5,L,43.079064935064885,30.495584415584382,41.001038961038915,276.4194838700681,-0.310329004329004,0.0,0.0,0.39999999999997726,0.1,0.9142034632034621,0.5923263418981481,3.9618974020275486,42.376519480519434,310.5943840386086
RaceBox Track Sessionon 29-05-2026 21-25.csv,10,42.992,6,L,44.52748051948047,29.426493506493475,36.63864935064931,324.9539527170883,-0.7255194805194798,22.895424938010365,2.1999999999999886,0.19999999999998863,1.0,1.0829696969696956,0.6255136654792393,3.9618974020275486,54.213194805194746,424.36546973607346
RaceBox Track Sessionon 29-05-2026 21-25.csv,11,42.774,1,R,47.34031168831163,26.77729870129867,34.09729870129866,29.3701827163694,-0.4513290043290038,22.051501941307517,2.0,0.8000000000000114,2.9000000000000004,1.0608831168831154,0.847132326348217,4.756022211682184,48.27148051948046,112.99256028091608
RaceBox Track Sessionon 29-05-2026 21-25.csv,11,42.774,2,L,39.075896103896056,26.53231168831166,28.996987012986978,154.6403828181315,-0.5228354978354972,22.092965037427433,2.6000000000000227,1.5,2.2,1.877220779220777,0.5069562557776341,4.367686453116583,35.79335064935061,119.70207789017145
RaceBox Track Sessionon 29-05-2026 21-25.csv,11,42.774,3,L,43.51885714285709,27.789974025973994,30.50041558441555,206.28515872267624,-0.4125844155844151,15.531098204597896,1.5,0.2999999999999545,0.8,0.9876839826839815,0.9447501573254857,6.5100781099395935,30.56259740259737,213.67070159985033
RaceBox Track Sessionon 29-05-2026 21-25.csv,11,42.774,4,L,28.174441558441526,27.436363636363602,39.964831168831125,226.58150938226578,-0.4125844155844151,17.245859954258833,2.3000000000000114,0.20000000000004547,1.5,1.2533376623376609,0.7995264248087208,6.5100781099395935,36.25137662337658,264.2579172244486
RaceBox Track Sessionon 29-05-2026 21-25.csv,11,42.774,5,L,43.589766233766184,31.283688311688273,40.61298701298697,274.5766273244419,-0.3449134199134195,17.319966371363932,1.6000000000000227,0.0,0.7000000000000001,0.9547835497835487,0.6117725139785424,4.939281783144538,40.044779220779176,311.74242397928646
RaceBox Track Sessionon 29-05-2026 21-25.csv,11,42.774,6,L,44.513298701298645,29.83792207792204,38.35184415584412,326.61915482451815,-0.6697056277056269,24.560627045440185,2.5,0.0,2.5,1.648913419913418,0.6237674256537525,4.939281783144538,54.811636363636296,424.36546973607346
RaceBox Track Sessionon 29-05-2026 21-25.csv,12,43.227,1,R,43.36332467532463,24.814285714285685,33.767064935064894,30.147209972942033,-0.6211471861471854,4.321811948894059,0.6000000000000227,5.900000000000034,3.1,1.2651038961038945,0.8423447970258738,8.44739357965353,34.68046753246749,121.01130350202293
RaceBox Track Sessionon 29-05-2026 21-25.csv,12,43.227,2,L,36.26290909090905,26.76374025974023,27.799168831168796,156.2258152700639,-0.6211471861471854,40.570470477550245,4.0,1.5,1.7000000000000002,1.1519913419913408,0.5524677379826252,6.920230484158294,34.68046753246749,121.01130350202293
RaceBox Track Sessionon 29-05-2026 21-25.csv,12,43.227,3,L,41.363844155844106,28.771324675324646,30.87849350649347,209.33564942800695,-0.35013419913419874,23.465976799769294,2.3000000000000114,0.30000000000001137,1.1,0.8859783549783541,0.8730929201841018,7.810348402674365,30.87849350649347,219.7490472487744
RaceBox Track Sessionon 29-05-2026 21-25.csv,12,43.227,4,L,28.771324675324646,26.93968831168828,39.77142857142852,226.58150938226578,-0.31777922077922044,0.0,0.0,0.4000000000000341,0.8,1.0531774891774879,0.7939708168396532,4.856378643674357,42.76768831168826,258.4460587612088
RaceBox Track Sessionon 29-05-2026 21-25.csv,12,43.227,5,L,42.24249350649345,31.96722077922074,40.04306493506489,271.8614886607285,-0.269307359307359,19.322248927957673,1.8000000000000114,0.10000000000002274,0.4,0.719874458874458,0.5925487344628702,3.5779249665887973,40.24083116883112,311.74242397928646
RaceBox Track Sessionon 29-05-2026 21-25.csv,12,43.227,6,L,44.38301298701293,29.145350649350615,37.10883116883113,323.3177284039944,-0.5821428571428564,13.835606873012296,1.5,0.1999999999999318,0.6000000000000001,0.9356147186147176,0.6165587746571718,3.551745027813641,55.29755844155838,419.83605080239795
RaceBox Track Sessionon 29-05-2026 21-38.csv,1,46.15,1,R,34.95880519480516,24.677298701298675,33.22784415584412,27.917034657464207,-0.5832857142857136,24.980192760621744,2.7,0.0,3.8000000000000003,1.1983463203463187,0.7429147543126539,5.995205980600714,35.78851948051944,119.70207789017145
RaceBox Track Sessionon 29-05-2026 21-38.csv,1,46.15,2,L,31.722077922077883,24.404259740259707,25.8911688311688,156.2258152700639,-0.4938008658008652,32.5443682015043,3.400000000000002,0.0,3.5,1.2169653679653665,0.48167884028971925,3.922627493857301,35.78851948051944,119.70207789017145
RaceBox Track Sessionon 29-05-2026 21-38.csv,1,46.15,3,L,42.75553246753242,24.746805194805162,28.5350649350649,208.58249753055333,-0.4303549783549779,23.935873707759526,2.3999999999999986,0.0,0.8,0.7063506493506486,0.827657899327205,7.160213256306697,28.5350649350649,219.7490472487744
RaceBox Track Sessionon 29-05-2026 21-38.csv,1,46.15,4,L,25.032935064935035,23.31288311688309,37.862805194805155,229.59184527192204,-0.45762337662337604,13.24143437890524,2.1000000000000014,0.0,2.1,1.265627705627704,0.7737248789852057,7.160213256306697,32.88062337662334,264.2579172244486
RaceBox Track Sessionon 29-05-2026 21-38.csv,1,46.15,5,L,40.0095584415584,28.397142857142825,37.8816623376623,272.7509482026615,-0.42823376623376574,11.901684564839286,1.2000000000000028,0.0,1.3,0.5835497835497828,0.5800282662103743,5.174901232163031,39.306077922077876,311.74242397928646
RaceBox Track Sessionon 29-05-2026 21-38.csv,1,46.15,6,L,42.40768831168826,25.797662337662306,36.38742857142853,323.3177284039944,-0.8915411255411246,22.443213832258323,2.5,0.19999999999999574,2.5,1.0917575757575746,0.5793508185122707,5.174901232163031,53.37288311688305,419.83605080239795
RaceBox Track Sessionon 29-05-2026 21-38.csv,2,43.729,1,R,46.049610389610336,24.753038961038932,33.00997402597399,29.3701827163694,-0.6369783549783542,19.30265581344426,1.8999999999999986,5.799999999999997,5.9,1.0887922077922065,0.8164228734018184,3.87899426255723,34.277766233766194,121.01130350202293
RaceBox Track Sessionon 29-05-2026 21-38.csv,2,43.729,2,L,32.43802597402593,27.30950649350646,27.59999999999997,159.33300242352524,-0.7161471861471853,47.69477850475633,4.600000000000001,1.5999999999999943,3.2,1.2619999999999985,0.49786850121805304,5.833763024791076,34.277766233766194,121.01130350202293
RaceBox Track Sessionon 29-05-2026 21-38.csv,2,43.729,3,L,43.434077922077876,24.744779220779193,28.630753246753212,206.98583033616748,-0.5528095238095232,22.339206513373682,2.299999999999997,0.0,1.0,0.8527575757575748,0.8096488182377032,5.445427266222149,28.630753246753212,219.7490472487744
RaceBox Track Sessionon 29-05-2026 21-38.csv,2,43.729,4,L,25.22181818181815,25.22181818181815,26.284207792207763,209.33564942800695,-0.7385670995670988,0.0,0.0,0.0,2.5,1.0956753246753232,0.7766443531374766,4.28914663677594,35.15392207792204,264.2579172244486
RaceBox Track Sessionon 29-05-2026 21-38.csv,2,43.729,5,L,42.15148051948047,30.11875324675321,39.813662337662294,276.4194838700681,-0.7174805194805187,17.973425108859317,1.7000000000000028,0.0,0.2,0.736818181818181,0.5994678978149509,3.9313541401175214,40.59553246753242,311.74242397928646
RaceBox Track Sessionon 29-05-2026 21-38.csv,2,43.729,6,L,42.09522077922073,27.751168831168798,36.664363636363596,322.4849086097447,-0.4369696969696965,10.74248463045825,1.3999999999999915,0.5999999999999943,3.0,0.937112554112553,0.5904338687150521,4.48985950075569,53.846181818181755,424.36546973607346
RaceBox Track Sessionon 29-05-2026 21-38.csv,3,43.7,1,R,45.139792207792155,22.53070129870127,32.981454545454504,30.147209972942033,-0.5647748917748912,25.764399181039686,2.5999999999999943,5.8999999999999915,4.9,1.1115411255411243,0.7989670232140812,5.187991201552997,33.81818181818178,119.70207789017145
RaceBox Track Sessionon 29-05-2026 21-38.csv,3,43.7,2,L,33.66374025974022,27.729662337662305,27.783116883116854,160.13666809262526,-0.366385281385281,48.49844417385634,4.799999999999997,1.7000000000000028,3.0,1.1519004329004316,0.5286608220300897,5.388704065533075,33.81818181818178,119.70207789017145
RaceBox Track Sessionon 29-05-2026 21-38.csv,3,43.7,3,L,42.49948051948047,26.110753246753216,28.835064935064903,208.58249753055333,-0.37537229437229397,0.0,0.0,0.0,0.6000000000000001,0.9118787878787868,0.8616599864718398,5.825036378530906,28.835064935064903,219.7490472487744
RaceBox Track Sessionon 29-05-2026 21-38.csv,3,43.7,4,L,26.210025974025942,25.660207792207764,38.10529870129866,225.8456495452844,-0.44568398268398224,9.495238652267602,1.3000000000000114,0.30000000000001137,2.5,1.137238095238094,0.8018480168646744,5.825036378530906,40.74280519480515,251.38115772915245
RaceBox Track Sessionon 29-05-2026 21-38.csv,3,43.7,5,L,41.37989610389605,30.837038961038925,37.73454545454541,270.02273523891506,-0.4758051948051943,0.0,0.0,0.5999999999999943,0.6000000000000001,0.6697142857142849,0.58335851520407,5.3799774192723655,38.898701298701255,311.74242397928646
RaceBox Track Sessionon 29-05-2026 21-38.csv,3,43.7,6,L,43.28181818181813,28.14903896103893,35.94140259740256,323.3177284039944,-0.5077748917748912,22.443213832258323,2.200000000000017,0.0,2.8000000000000003,1.066272727272726,0.6032252441878958,5.3799774192723655,54.389610389610326,424.36546973607346
RaceBox Track Sessionon 29-05-2026 21-38.csv,4,42.975,1,R,46.46711688311683,23.889818181818153,33.63303896103892,30.147209972942033,-0.54860606060606,22.82852919788015,2.3000000000000114,5.799999999999983,5.2,1.184575757575756,0.8320329260584756,5.057091507653178,34.56638961038957,121.01130350202293
RaceBox Track Sessionon 29-05-2026 21-38.csv,4,42.975,2,L,34.713038961038926,28.019532467532436,28.13548051948049,156.98743994021476,-0.415463203463203,41.33209514770111,4.0,1.5,4.2,1.1982683982683968,0.49428347307102505,4.040437218365586,34.56638961038957,121.01130350202293
RaceBox Track Sessionon 29-05-2026 21-38.csv,4,42.975,3,L,43.144675324675276,26.76529870129867,29.199584415584383,207.76942693001934,-0.3989567099567095,20.69222554399238,2.0,0.0,0.9,1.170316017316016,0.9487771658749488,6.710790973916868,29.199584415584383,219.7490472487744
RaceBox Track Sessionon 29-05-2026 21-38.csv,4,42.975,4,L,27.247012987012955,27.066857142857113,38.11199999999995,225.093910680353,-0.4399134199134194,9.639397247257108,1.299999999999983,0.0,2.5,1.2547316017316004,0.7772938208132724,6.710790973916868,35.601350649350614,264.2579172244486
RaceBox Track Sessionon 29-05-2026 21-38.csv,4,42.975,5,L,41.88218181818177,31.333402597402564,40.05085714285709,271.8614886607285,-0.4824285714285709,19.322248927957673,1.9000000000000057,0.0,0.1,0.8603679653679643,0.5764652383161638,4.638212487175146,39.17532467532463,311.74242397928646
RaceBox Track Sessionon 29-05-2026 21-38.csv,4,42.975,6,L,44.892311688311636,28.65272727272724,36.947220779220736,324.9539527170883,-0.4824285714285709,15.471831186106215,1.5999999999999943,0.700000000000017,1.2000000000000002,0.8751861471861462,0.612957144881115,4.638212487175146,54.9076363636363,412.20052358711536
RaceBox Track Sessionon 29-05-2026 21-38.csv,5,43.054,1,R,49.47740259740254,24.839220779220753,33.835168831168794,27.917034657464207,-0.6450216450216443,0.0,0.0,0.29999999999998295,5.6000000000000005,1.140476190476189,0.8396258847692362,4.036073895235413,49.69496103896098,118.31700522245038
RaceBox Track Sessionon 29-05-2026 21-38.csv,5,43.054,2,L,38.09594805194801,28.07220779220776,28.9497662337662,156.2258152700639,-0.5428138528138522,26.091666068526337,3.0,0.0,4.1000000000000005,1.4967142857142839,0.5011525966138355,6.352998477259603,28.9497662337662,160.94387140949053
RaceBox Track Sessionon 29-05-2026 21-38.csv,5,43.054,3,L,43.63714285714281,28.96831168831166,30.167688311688273,205.47294022596142,-0.37020779220779176,20.826316403167624,1.9000000000000057,0.0,0.8,0.9305021645021634,0.951001359942878,6.697701004528199,30.167688311688273,219.7490472487744
RaceBox Track Sessionon 29-05-2026 21-38.csv,5,43.054,4,L,28.99792207792204,26.410753246753217,38.30618181818178,226.58150938226578,-0.6997056277056269,12.910807782415446,1.6999999999999886,0.4000000000000057,3.2,1.232333333333332,0.7871842808078378,6.697701004528199,40.117870129870084,250.28444029120763
RaceBox Track Sessionon 29-05-2026 21-38.csv,5,43.054,5,L,42.582545454545404,29.552571428571394,40.241922077922034,276.4194838700681,-0.2884069264069261,7.317016067302802,0.8000000000000114,0.0,1.4000000000000001,1.0358528138528127,0.5910049550405694,6.4097216779494115,37.357870129870086,311.74242397928646
RaceBox Track Sessionon 29-05-2026 21-38.csv,5,43.054,6,L,42.993974025973976,28.0617662337662,36.47610389610385,323.3177284039944,-0.42484848484848436,15.0269907227119,1.5,0.10000000000002274,2.0,0.8573766233766223,0.6078477166121005,4.8432886742841585,53.77464935064929,424.36546973607346
RaceBox Track Sessionon 29-05-2026 21-38.csv,6,42.828,1,R,47.11028571428566,27.33802597402594,32.362285714285676,30.147209972942033,-0.34775324675324637,0.0,0.0,0.0,3.3000000000000003,1.287419913419912,0.8446494613504081,5.331980864842436,34.89397402597398,121.01130350202293
RaceBox Track Sessionon 29-05-2026 21-38.csv,6,42.828,2,L,39.60140259740255,26.80129870129867,28.848935064935034,153.03841865115206,-0.9954848484848473,25.36943186899977,2.6999999999999886,0.0,3.7,1.2988095238095223,0.4469738497719512,3.844087677517303,34.89397402597398,121.01130350202293
RaceBox Track Sessionon 29-05-2026 21-38.csv,6,42.828,3,L,32.85771428571425,29.059168831168797,29.059168831168797,219.7490472487744,-0.3832770562770559,35.10242342598059,3.6000000000000227,0.0,0.30000000000000004,0.7972943722943714,0.913075427576143,6.758787528347428,29.059168831168797,219.7490472487744
RaceBox Track Sessionon 29-05-2026 21-38.csv,6,42.828,4,L,29.912259740259703,26.27844155844153,37.924675324675285,225.093910680353,-0.3690303030303026,8.74349978733619,1.1999999999999886,0.0,2.6,1.1286493506493493,0.7896856958604004,6.758787528347428,37.248311688311645,264.2579172244486
RaceBox Track Sessionon 29-05-2026 21-38.csv,6,42.828,5,L,42.13542857142852,31.463376623376593,40.27496103896099,273.6771473267312,-0.5491168831168824,8.413838973651423,0.8999999999999773,0.0,1.0,0.6652770562770555,0.5906165732410338,4.262966697995492,40.49781818181813,311.74242397928646
RaceBox Track Sessionon 29-05-2026 21-38.csv,6,42.828,6,L,43.8520519480519,28.744519480519447,37.28867532467528,323.3177284039944,-0.6936406926406917,17.569756526903234,1.7999999999999545,0.39999999999997726,1.1,0.955064935064934,0.6033312965017968,3.6826447217066187,54.80914285714279,424.36546973607346
RaceBox Track Sessionon 29-05-2026 21-38.csv,7,42.901,1,R,45.296415584415534,25.75153246753244,33.04192207792204,30.147209972942033,-0.41443290043289993,28.67040139645496,2.6999999999999886,0.8000000000000114,3.4000000000000004,1.0475541125541112,0.8463796903749714,3.499385150249015,50.12493506493501,119.70207789017145
RaceBox Track Sessionon 29-05-2026 21-38.csv,7,42.901,2,L,42.883948051948,26.18555844155841,28.57464935064932,153.03841865115206,-0.4783376623376618,20.491000870447976,2.3999999999999773,0.0,3.3000000000000003,1.2403376623376607,0.5252485599697754,7.967428035352087,28.57464935064932,160.94387140949053
RaceBox Track Sessionon 29-05-2026 21-38.csv,7,42.901,3,L,42.79994805194801,27.46285714285711,28.336363636363604,209.33564942800695,-0.3697359307359303,0.0,0.0,0.0,0.4,0.8034329004328995,0.8926560915582229,7.365289443416907,28.336363636363604,219.7490472487744
RaceBox Track Sessionon 29-05-2026 21-38.csv,7,42.901,4,L,27.46285714285711,24.691324675324648,36.89329870129866,224.3580508431215,-0.8437359307359298,6.275194731470748,1.0,0.5999999999999659,2.0,1.1716709956709943,0.8244946040435246,7.365289443416907,41.04202597402592,260.8492636378222
RaceBox Track Sessionon 29-05-2026 21-38.csv,7,42.901,5,L,41.76327272727268,31.250961038961,40.23506493506489,273.6771473267312,-0.632701298701298,0.0,0.0,0.0,0.4,0.7453333333333325,0.5872617021839304,4.585852609615646,39.96171428571424,311.74242397928646
RaceBox Track Sessionon 29-05-2026 21-38.csv,7,42.901,6,L,44.58763636363631,29.187896103896072,37.34664935064931,324.1541069882232,-0.632701298701298,23.279592416487105,2.2999999999999545,0.6999999999999886,0.30000000000000004,1.000242424242423,0.6089276641166906,4.585852609615646,54.90779220779214,421.3645113539617
RaceBox Track Sessionon 29-05-2026 21-38.csv,8,42.961,1,R,46.386545454545406,24.066701298701272,34.924051948051904,30.147209972942033,-0.5304415584415578,0.0,0.0,0.5999999999999659,4.7,1.0429826839826828,0.8594197144577906,4.843288674283385,49.39262337662332,118.31700522245038
RaceBox Track Sessionon 29-05-2026 21-38.csv,8,42.961,2,L,39.90732467532463,27.95703896103893,29.353090909090874,153.03841865115206,-0.3615324675324671,29.356971582592465,3.099999999999966,0.0,3.0,1.369826839826838,0.4610160211075446,4.276056667386589,29.353090909090874,160.94387140949053
RaceBox Track Sessionon 29-05-2026 21-38.csv,8,42.961,3,L,43.90612987012981,24.754597402597373,28.726753246753212,208.58249753055333,-0.8276017316017307,23.935873707759526,2.3999999999999773,0.0,1.1,0.9726363636363625,1.0317979962684813,6.963863715455258,28.972207792207758,219.7490472487744
RaceBox Track Sessionon 29-05-2026 21-38.csv,8,42.961,4,L,24.855584415584385,24.855584415584385,28.469922077922046,209.33564942800695,-0.3630692640692637,0.0,0.0,0.10000000000002274,3.8000000000000003,1.1520562770562757,0.807916968389558,6.963863715455258,37.88166233766229,264.2579172244486
RaceBox Track Sessionon 29-05-2026 21-38.csv,8,42.961,5,L,41.4746493506493,32.39080519480516,39.90093506493502,271.8614886607285,-0.3630692640692637,12.19704114148118,1.3000000000000114,0.0,1.6,0.8573982683982674,0.5948296997078597,3.822271061867261,40.78628571428567,311.74242397928646
RaceBox Track Sessionon 29-05-2026 21-38.csv,8,42.961,6,L,45.547168831168776,28.221506493506464,37.42877922077918,324.9539527170883,-0.7997922077922069,24.079438145352242,2.2999999999999545,0.19999999999998863,2.0,0.9014502164502154,0.5978874678427659,2.923426497090849,54.82457142857137,424.36546973607346
RaceBox Track Sessionon 29-05-2026 21-38.csv,9,43.165,1,R,50.08457142857137,26.909610389610357,33.3922597402597,28.642404849845292,-0.8231948051948043,19.921469280143903,2.0,0.0,4.1000000000000005,1.3313896103896088,0.8190848997825112,4.297873283033091,34.66737662337658,121.01130350202293
RaceBox Track Sessionon 29-05-2026 21-38.csv,9,43.165,2,L,34.3737662337662,27.41080519480516,28.058181818181787,156.98743994021476,-0.47750216450216393,45.34921602144584,4.2999999999999545,0.0,2.8000000000000003,1.306679653679652,0.4956781781437725,5.489060497522805,34.66737662337658,121.01130350202293
RaceBox Track Sessionon 29-05-2026 21-38.csv,9,43.165,3,L,43.66784415584411,24.07683116883114,30.28644155844152,206.28515872267624,-0.42514718614718566,21.638534899882444,2.1000000000000227,0.0,1.4000000000000001,1.1228484848484837,0.9776747880076146,5.873032932961586,30.42202597402594,219.7490472487744
RaceBox Track Sessionon 29-05-2026 21-38.csv,9,43.165,4,L,24.818961038961007,24.818961038961007,29.373974025973993,209.33564942800695,-0.43574458874458827,0.0,0.0,1.1000000000000227,3.3000000000000003,1.1720779220779207,0.7537443355152068,5.873032932961586,41.69641558441553,251.38115772915245
RaceBox Track Sessionon 29-05-2026 21-38.csv,9,43.165,5,L,42.181714285714236,31.86031168831165,38.78742857142853,269.1024678027653,-0.4744069264069259,0.0,0.0,0.0,0.7000000000000001,1.0064025974025963,0.5818904921664257,5.244714402243584,40.63948051948047,311.74242397928646
RaceBox Track Sessionon 29-05-2026 21-38.csv,9,43.165,6,L,44.953558441558386,28.461662337662304,35.887324675324635,324.9539527170883,-0.5242900432900427,24.079438145352242,2.2999999999999545,0.30000000000001137,2.4000000000000004,0.8947445887445876,0.6220006493776612,5.244714402243584,54.92618181818175,424.36546973607346
RaceBox Track Sessionon 29-05-2026 21-38.csv,10,42.76,1,R,48.8998441558441,26.87859740259737,33.428415584415546,30.147209972942033,-0.49227272727272675,17.485017009729802,1.8000000000000114,0.2999999999999545,3.0,1.184376623376622,0.8523289577631148,4.005530633325604,43.09168831168826,78.6636035463479
RaceBox Track Sessionon 29-05-2026 21-38.csv,10,42.76,2,L,37.27168831168827,25.619688311688282,27.820363636363602,154.6403828181315,-0.7625670995670987,14.93050522771216,2.0,1.5,3.7,1.469675324675323,0.4989160049970067,7.504915783575318,34.57527272727268,121.01130350202293
RaceBox Track Sessionon 29-05-2026 21-38.csv,10,42.76,3,L,43.96799999999995,25.012363636363606,30.856051948051913,206.28515872267624,-0.47275324675324615,15.531098204597896,1.6000000000000227,0.0,1.4000000000000001,1.3458138528138512,1.0252079764695519,6.968227038588133,30.856051948051913,219.7490472487744
RaceBox Track Sessionon 29-05-2026 21-38.csv,10,42.76,4,L,25.601922077922048,25.601922077922048,28.948675324675293,209.33564942800695,-0.47275324675324615,0.0,0.0,0.0,3.3000000000000003,1.3458138528138512,0.744926176205532,4.747295565425111,37.79797402597398,264.2579172244486
RaceBox Track Sessionon 29-05-2026 21-38.csv,10,42.76,5,L,41.95620779220774,31.90519480519477,40.15293506493502,271.8614886607285,-0.31801298701298664,9.832790975459147,1.0,0.0,0.4,0.7602337662337654,0.5950184068969084,3.656464782926143,40.52088311688307,311.74242397928646
RaceBox Track Sessionon 29-05-2026 21-38.csv,10,42.76,6,L,45.08275324675319,28.67735064935062,36.377142857142815,324.9539527170883,-0.38377922077922033,14.359568678479718,1.4989999999999668,0.4000000000000341,1.9000000000000001,1.078134199134198,0.6157853997611341,3.5168384427689734,54.85246753246747,409.16830225576496
RaceBox Track Sessionon 29-05-2026 21-38.csv,11,42.78,1,R,43.96410389610385,25.591948051948023,32.47262337662334,30.890933435103452,-0.35316450216450174,17.006716880578715,1.8999999999999773,0.0,3.1,1.2002077922077907,0.8413510101684506,3.988077340807509,33.91698701298697,121.01130350202293
RaceBox Track Sessionon 29-05-2026 21-38.csv,11,42.78,2,L,34.67454545454541,27.31402597402594,28.06737662337659,156.98743994021476,-0.6468961038961032,26.853290738677202,2.900000000000034,0.0,2.4000000000000004,1.3223549783549766,0.4892710240498263,3.2899456400078364,33.91698701298697,121.01130350202293
RaceBox Track Sessionon 29-05-2026 21-38.csv,11,42.78,3,L,43.96628571428567,26.09111688311685,29.35994805194802,208.58249753055333,-0.3417359307359303,23.935873707759526,2.400000000000034,0.0,0.5,0.9204329004328994,0.9250388824226787,6.544984694979481,29.35994805194802,219.7490472487744
RaceBox Track Sessionon 29-05-2026 21-38.csv,11,42.78,4,L,26.5084675324675,26.5084675324675,28.36924675324672,209.33564942800695,-0.6516147186147179,0.0,0.0,0.4000000000000341,2.3000000000000003,1.1160995670995657,0.7723784032604435,6.544984694979481,41.927844155844106,252.53923973277085
RaceBox Track Sessionon 29-05-2026 21-38.csv,11,42.78,5,L,43.41740259740255,31.927012987012944,41.77371428571424,277.3245344095113,-0.3167575757575754,0.0,0.0,0.0,0.4,0.8517662337662327,0.5985418737242093,3.564834997198809,41.24945454545449,311.74242397928646
RaceBox Track Sessionon 29-05-2026 21-38.csv,11,42.78,6,L,43.749974025973984,29.63080519480516,37.44031168831165,323.3177284039944,-0.4240259740259736,17.569756526903234,1.8000000000000114,0.5,0.5,1.118116883116882,0.6125208287866623,3.233222439318657,49.98950649350644,381.21634357711145
RaceBox Track Sessionon 29-05-2026 21-38.csv,12,44.157,1,R,45.171896103896046,25.503584415584385,34.84005194805191,30.147209972942033,-0.45306926406926357,21.426274403240644,2.1999999999999886,0.0,3.7,1.0987835497835485,0.8543245860522387,3.9749873714134845,48.99459740259735,119.70207789017145
RaceBox Track Sessionon 29-05-2026 21-38.csv,12,44.157,2,L,37.079376623376575,25.495792207792178,27.264623376623344,156.2258152700639,-0.5701601731601724,44.587591351294975,4.399999999999977,1.5,4.3,1.3402294372294357,0.6087507331438592,9.328784851908111,33.58581818181815,122.33603587013825
RaceBox Track Sessionon 29-05-2026 21-38.csv,12,44.157,3,L,33.171428571428535,27.524103896103863,27.804467532467502,219.7490472487744,-0.49686147186147134,31.446055740681317,4.0,0.0,1.2000000000000002,1.236480519480518,1.0172629507650837,6.366088446647438,27.524103896103863,219.7490472487744
RaceBox Track Sessionon 29-05-2026 21-38.csv,12,44.157,4,L,27.79667532467529,21.64379220779218,36.283012987012945,226.58150938226578,-0.49686147186147134,11.991959454337234,2.0,0.0,2.8000000000000003,1.236480519480518,0.66709351727773,7.500552460445496,36.84810389610385,264.2579172244486
RaceBox Track Sessionon 29-05-2026 21-38.csv,12,44.157,5,L,41.032519480519426,30.97761038961035,40.64571428571424,274.5766273244419,-0.5239350649350644,16.130568563233112,1.6000000000000227,0.3000000000000682,1.3,0.7647186147186138,0.5859626539217019,3.111049391678908,38.650909090909046,311.74242397928646
RaceBox Track Sessionon 29-05-2026 21-38.csv,12,44.157,6,L,43.18192207792203,26.91070129870127,36.61605194805191,322.4849086097447,-0.5239350649350644,21.61039403800862,2.199999999999932,0.40000000000009095,2.1,1.0514458874458863,0.6386541762650059,4.36332312998384,55.177558441558375,413.73327988758064
RaceBox Track Sessionon 29-05-2026 21-38.csv,13,42.639,1,R,49.16618181818176,26.341402597402567,34.015792207792174,27.917034657464207,-0.5357965367965362,0.0,0.0,0.0,3.3000000000000003,1.1544891774891763,0.8429696584499405,3.90081087821506,49.705090909090856,121.01130350202293
RaceBox Track Sessionon 29-05-2026 21-38.csv,13,42.639,2,L,35.47293506493503,27.01948051948049,28.85142857142854,155.38536181830224,-0.5604199134199127,38.372173641772164,3.7999999999999545,0.39999999999997726,2.4000000000000004,1.2682813852813837,0.5080970686670676,6.479534848025375,28.85142857142854,160.94387140949053
RaceBox Track Sessionon 29-05-2026 21-38.csv,13,42.639,3,L,44.26768831168826,27.97355844155841,29.431480519480488,206.98583033616748,-0.3005800865800862,22.339206513373682,2.2000000000000455,0.0,0.4,0.893961038961038,0.910207667757958,5.480333851259704,29.431480519480488,219.7490472487744
RaceBox Track Sessionon 29-05-2026 21-38.csv,13,42.639,4,L,28.70119480519477,26.940623376623346,38.1470649350649,225.093910680353,-0.4135844155844151,7.011054568702235,0.8999999999999773,0.39999999999997726,2.3000000000000003,1.0849437229437218,0.7519387065089016,5.480333851259704,39.3640519480519,263.1740932544958
RaceBox Track Sessionon 29-05-2026 21-38.csv,13,42.639,5,L,43.84176623376619,31.90488311688308,41.360883116883066,277.3245344095113,-0.6350216450216443,0.0,0.0,0.0,0.0,0.9222770562770553,0.6048848089670762,4.681845718472647,41.05496103896098,311.74242397928646
RaceBox Track Sessionon 29-05-2026 21-38.csv,13,42.639,6,L,43.31049350649346,28.680935064935035,36.68587012987009,322.4849086097447,-0.6892640692640685,14.1941709284622,1.599999999999909,0.2999999999999545,2.9000000000000004,1.0137272727272715,0.6112025643011505,4.0491638646262675,54.36561038961033,422.86558667725546
RaceBox Track Sessionon 29-05-2026 21-38.csv,14,42.879,1,R,50.43896103896098,25.564363636363606,34.12581818181815,27.917034657464207,-0.4662640692640687,24.980192760621744,2.3999999999999773,0.3000000000000682,4.6000000000000005,1.1363809523809512,0.8517688501860458,2.9976029903042374,47.38846753246748,114.28967076723492
RaceBox Track Sessionon 29-05-2026 21-38.csv,14,42.879,2,L,30.050961038961002,27.528623376623344,27.971220779220747,156.98743994021476,-0.4587965367965363,29.318453158062468,3.0,0.0,3.1,1.191186147186146,0.5778396493180304,3.281218993747838,27.971220779220747,160.94387140949053
RaceBox Track Sessionon 29-05-2026 21-38.csv,14,42.879,3,L,43.74280519480514,26.981766233766205,29.09392207792204,207.76942693001934,-0.6567922077922071,19.466435421926263,2.2999999999999545,0.7999999999999545,1.0,1.0435454545454534,1.0121741510840456,8.491026810955674,29.457974025973993,212.77466448723575
RaceBox Track Sessionon 29-05-2026 21-38.csv,14,42.879,4,L,27.717038961038927,26.96259740259737,37.481142857142814,227.3146921528989,-0.32536363636363597,5.981605557870466,0.7000000000000455,0.20000000000004547,2.3000000000000003,1.0511731601731589,0.7326532247476102,8.491026810955674,38.93906493506489,249.14516496102956
RaceBox Track Sessionon 29-05-2026 21-38.csv,14,42.879,5,L,42.999896103896056,33.571480519480474,42.66467532467528,277.3245344095113,-0.5825151515151509,0.0,0.0,0.0,0.1,1.0088225108225097,0.6024596258882053,4.939281783141714,38.92020779220775,311.74242397928646
RaceBox Track Sessionon 29-05-2026 21-38.csv,14,42.879,6,L,44.611324675324624,29.66088311688308,37.540051948051904,323.3177284039944,-0.5825151515151509,17.569756526903234,1.7999999999999545,0.40000000000009095,1.2000000000000002,1.0339047619047608,0.6139414418121565,3.874630939429387,54.817090909090844,421.3645113539617
RaceBox Track Sessionon 29-05-2026 21-52.csv,1,46.974,1,R,42.75397402597398,26.193506493506465,32.610389610389575,26.495326829356053,-0.44201731601731553,12.611110274831315,1.8000000000000007,0.0,4.2,1.2681298701298687,0.8355527613702118,7.382742735935812,48.009194805194745,119.70207789017145
RaceBox Track Sessionon 29-05-2026 21-52.csv,1,46.974,2,L,32.31693506493503,29.671012987012947,29.671012987012947,160.94387140949053,-0.5053030303030297,49.30564749072161,4.900000000000002,1.3999999999999986,3.7,1.2590043290043273,0.5242633638331364,4.974188368183933,33.11314285714282,122.33603587013825
RaceBox Track Sessionon 29-05-2026 21-52.csv,1,46.974,3,L,41.73818181818177,25.122233766233737,28.658961038961003,203.20106499725912,-0.41454978354978306,10.014103577667015,1.2999999999999972,0.3999999999999986,0.7000000000000001,1.0854848484848472,0.9604733000823377,5.742133239061147,28.658961038961003,219.7490472487744
RaceBox Track Sessionon 29-05-2026 21-52.csv,1,46.974,4,L,29.143792207792174,27.311844155844124,36.2775584415584,224.3580508431215,-0.4551038961038956,0.0,0.0,0.29999999999999716,1.2000000000000002,1.1731861471861458,0.6836120686188384,5.742133239061147,36.45490909090905,264.2579172244486
RaceBox Track Sessionon 29-05-2026 21-52.csv,1,46.974,5,L,40.61563636363632,32.68550649350645,38.52327272727268,268.1966038596087,-0.4551038961038956,13.302610471470445,1.2999999999999972,0.0,0.2,0.861978354978354,0.6298157632904673,4.825835381764309,33.57942857142853,311.74242397928646
RaceBox Track Sessionon 29-05-2026 21-52.csv,1,46.974,6,L,29.99594805194802,25.369870129870097,31.95615584415581,356.47329208370854,-0.6155930735930729,46.99117055272643,6.0,0.8999999999999986,1.6,0.861978354978354,0.588375658403833,4.825835381764309,48.248727272727216,424.36546973607346
RaceBox Track Sessionon 29-05-2026 21-52.csv,2,43.133,1,R,49.73579220779215,25.32748051948049,34.87199999999996,27.256326592789165,-0.4626926406926402,0.0,0.0,1.5,2.6,1.2490346320346304,0.8378758471400461,3.525565089028436,48.25418181818176,121.01130350202293
RaceBox Track Sessionon 29-05-2026 21-52.csv,2,43.133,2,L,41.85303896103891,27.534077922077888,29.16015584415581,151.47844360229595,-0.8375714285714275,16.76798416135199,2.0,0.29999999999999716,2.6,1.2868008658008643,0.504787212523387,5.990842657470954,28.435792207792176,158.57326118214652
RaceBox Track Sessionon 29-05-2026 21-52.csv,2,43.133,3,L,41.78711688311684,27.113298701298667,28.026701298701266,204.7303334236513,-0.3479870129870126,10.443825997677521,1.2000000000000028,0.09999999999999432,1.1,1.034034632034631,0.9041175039929374,5.916666164260581,28.026701298701266,219.7490472487744
RaceBox Track Sessionon 29-05-2026 21-52.csv,2,43.133,4,L,28.94072727272724,25.108987012986987,36.730909090909044,225.093910680353,-0.3479870129870126,9.639397247257108,1.2000000000000028,0.20000000000000284,1.8,1.2388787878787864,0.7078163929232996,5.916666164260581,38.85210389610385,249.14516496102956
RaceBox Track Sessionon 29-05-2026 21-52.csv,2,43.133,5,L,40.36394805194801,32.16140259740256,39.9841558441558,272.7509482026615,-0.3816277056277052,0.0,0.0,0.0,0.8,0.6160909090909085,0.6067288196087464,3.9924406639371335,40.35537662337658,311.74242397928646
RaceBox Track Sessionon 29-05-2026 21-52.csv,2,43.133,6,L,44.599012987012934,28.066285714285684,37.56483116883113,325.78182724138736,-0.3816277056277052,22.495572729759147,2.3999999999999915,0.5,1.2000000000000002,1.203549783549782,0.6052723873435165,4.380776422505645,48.5264415584415,377.0686792292858
RaceBox Track Sessionon 29-05-2026 21-52.csv,3,42.9,1,R,50.717298701298645,25.110545454545424,34.16384415584412,27.917034657464207,-0.37088744588744543,14.03281810293947,1.5,0.7999999999999972,2.8000000000000003,1.1467402597402583,0.841175969995367,8.32522053201266,47.86083116883111,112.99256028091608
RaceBox Track Sessionon 29-05-2026 21-52.csv,3,42.9,2,L,40.08358441558437,27.302337662337628,29.546493506493473,156.2258152700639,-0.5113982683982679,13.816895272821796,1.7999999999999972,0.0,2.1,1.3118528138528123,0.5020847121668081,7.9063415115343485,29.546493506493473,160.94387140949053
RaceBox Track Sessionon 29-05-2026 21-52.csv,3,42.9,3,L,42.607948051948,27.233922077922045,28.271844155844125,204.7303334236513,-0.23099134199134172,0.0,0.0,0.0,0.4,0.9322034632034621,0.8854344409202964,6.222098783359608,28.271844155844125,219.7490472487744
RaceBox Track Sessionon 29-05-2026 21-52.csv,3,42.9,4,L,29.764051948051915,25.070025974025945,35.93657142857139,224.3580508431215,-0.3887229437229433,5.430407713125646,0.7999999999999972,0.29999999999999716,1.5,1.2025108225108212,0.7243595789088659,6.222098783359608,40.171168831168785,264.2579172244486
RaceBox Track Sessionon 29-05-2026 21-52.csv,3,42.9,5,L,41.118857142857095,32.95464935064931,40.80654545454541,273.6771473267312,-0.7823679653679645,0.0,0.0,0.0,1.1,0.8210692640692631,0.6013905441568621,4.44186294632552,40.54192207792203,311.74242397928646
RaceBox Track Sessionon 29-05-2026 21-52.csv,3,42.9,6,L,43.657714285714235,27.08337662337659,37.60768831168827,323.3177284039944,-0.7823679653679645,20.031473892366193,2.1000000000000085,0.4000000000000057,0.8,0.9023852813852804,0.5951684734265879,4.44186294632552,31.69994805194801,316.58859892426136
RaceBox Track Sessionon 29-05-2026 21-52.csv,4,42.972,1,R,51.65984415584409,25.5378701298701,34.950545454545406,27.917034657464207,-0.6833636363636356,0.0,0.0,1.0999999999999943,2.5,1.1139090909090896,0.844166802612133,3.3073989325285353,46.15496103896099,102.6263945665816
RaceBox Track Sessionon 29-05-2026 21-52.csv,4,42.972,2,L,43.93636363636359,28.945402597402566,30.239220779220744,151.47844360229595,-0.32342424242424206,25.210923910494998,2.6999999999999886,1.1000000000000227,2.2,1.2498051948051934,0.4679817310249894,4.197516851045452,29.035168831168797,156.98743994021476
RaceBox Track Sessionon 29-05-2026 21-52.csv,4,42.972,3,L,30.802909090909054,27.421558441558407,27.421558441558407,219.7490472487744,-0.2656666666666664,28.99498673069604,3.1999999999999886,0.0,1.0,1.0723939393939381,0.8870316961818014,5.5370570519512565,27.421558441558407,219.7490472487744
RaceBox Track Sessionon 29-05-2026 21-52.csv,4,42.972,4,L,28.45309090909088,25.332155844155814,37.168675324675284,225.093910680353,-0.294341991341991,7.853685985395202,1.200000000000017,0.10000000000002274,2.7,1.2940086580086565,0.7573561773343007,5.5370570519512565,39.17251948051943,264.2579172244486
RaceBox Track Sessionon 29-05-2026 21-52.csv,4,42.972,5,L,40.43953246753242,30.70893506493503,39.80306493506489,271.8614886607285,-0.24893073593073567,12.19704114148118,1.1999999999999886,0.4000000000000057,0.2,0.7119523809523801,0.5838567500278201,3.8571776469078696,33.39335064935061,267.25044130046956
RaceBox Track Sessionon 29-05-2026 21-52.csv,4,42.972,6,L,43.867480519480466,26.755012987012957,37.04945454545451,324.9539527170883,-0.3146536796536793,0.0,0.0,0.30000000000001137,0.9,0.9843679653679642,0.5856286720770681,4.73420559603537,53.77511688311682,403.08246764942675
RaceBox Track Sessionon 29-05-2026 21-52.csv,5,43.019,1,R,51.46457142857137,25.04166233766231,34.44763636363632,27.256326592789165,-0.3451731601731598,0.0,0.0,6.0,0.9,1.2581038961038946,0.8468983430481397,8.072147790473528,34.49454545454542,121.01130350202293
RaceBox Track Sessionon 29-05-2026 21-52.csv,5,43.019,2,L,45.3824415584415,27.379324675324646,29.650753246753208,146.66376129534623,-0.9306060606060595,29.650573118816155,2.700000000000017,1.4000000000000057,3.2,1.2435930735930723,0.48292113433671513,5.851216317308008,34.49454545454542,121.01130350202293
RaceBox Track Sessionon 29-05-2026 21-52.csv,5,43.019,3,L,43.49049350649346,26.312415584415554,28.25064935064932,206.28515872267624,-0.25521212121212095,0.0,0.0,0.0,0.5,0.8547878787878778,0.9212764571015982,7.134033317526679,28.25064935064932,219.7490472487744
RaceBox Track Sessionon 29-05-2026 21-52.csv,5,43.019,4,L,28.044155844155814,26.534493506493476,37.01189610389606,224.3580508431215,-0.31649783549783517,4.609003594347115,0.700000000000017,0.30000000000001137,0.8,1.098367965367964,0.7724760228962112,7.134033317526679,38.69361038961035,264.2579172244486
RaceBox Track Sessionon 29-05-2026 21-52.csv,5,43.019,5,L,41.74862337662333,32.98503896103892,41.012727272727226,273.6771473267312,-0.31649783549783517,21.137907593960335,2.0,0.0,0.0,0.8402987012987003,0.6055323900041849,4.472406208235677,39.56181818181814,311.74242397928646
RaceBox Track Sessionon 29-05-2026 21-52.csv,5,43.019,6,L,44.39376623376618,27.26322077922075,37.82805194805191,324.1541069882232,-0.20125974025974008,12.411683008936734,1.5,0.19999999999998863,0.1,0.8941861471861462,0.5953315429750732,4.472406208235677,34.72176623376619,314.717600844523
RaceBox Track Sessionon 29-05-2026 21-52.csv,6,42.722,1,R,52.090363636363634,24.95470129870127,35.54322077922074,25.825398024047974,-0.25806060606060577,0.0,0.0,0.20000000000001705,1.6,1.2177922077922063,0.8504582723958276,3.3553954869594316,46.683740259740205,107.73484366375084
RaceBox Track Sessionon 29-05-2026 21-52.csv,6,42.722,2,L,40.06628571428566,28.267948051948018,29.334389610389575,154.6403828181315,-0.20808225108225087,11.375938262814657,1.5,0.4000000000000057,0.7000000000000001,1.2470519480519464,0.5333515316746401,6.601707895666646,30.728727272727237,148.31266469087083
RaceBox Track Sessionon 29-05-2026 21-52.csv,6,42.722,3,L,29.365246753246723,27.18529870129867,27.18529870129867,219.7490472487744,-0.38594372294372253,4.294533815678506,0.5999999999999943,0.20000000000001705,0.4,0.6884805194805186,0.8786025061858167,5.563236990732543,27.18529870129867,219.7490472487744
RaceBox Track Sessionon 29-05-2026 21-52.csv,6,42.722,4,L,29.766389610389577,24.93522077922075,35.840103896103855,222.86032961136928,-0.38594372294372253,7.4058161782733976,1.0999999999999943,0.0,1.7000000000000002,1.1745541125541112,0.7488721577988117,5.563236990732543,39.45537662337658,264.2579172244486
RaceBox Track Sessionon 29-05-2026 21-52.csv,6,42.722,5,L,40.81870129870126,32.21563636363633,39.95703896103891,271.8614886607285,-0.3881212121212117,9.832790975459147,1.0,0.4000000000000057,0.0,0.797961038961038,0.5940849227103916,3.7917277999566084,32.21563636363633,271.8614886607285
RaceBox Track Sessionon 29-05-2026 21-52.csv,6,42.722,6,L,43.616727272727225,28.040259740259707,37.64212987012983,323.3177284039944,-0.40774458874458824,0.0,0.0,1.1999999999999886,0.2,0.715904761904761,0.6020649356743334,3.7917277999566084,50.465298701298636,382.6258844489974
RaceBox Track Sessionon 29-05-2026 21-52.csv,7,42.828,1,R,51.40083116883111,24.317454545454517,34.90051948051944,27.917034657464207,-0.6311904761904755,0.0,0.0,5.600000000000023,3.5,1.0684069264069251,0.8371067497556819,4.529129408925778,34.75387012987009,121.01130350202293
RaceBox Track Sessionon 29-05-2026 21-52.csv,7,42.828,2,L,42.44259740259736,29.536831168831135,30.185610389610357,153.03841865115206,-0.6311904761904755,41.40019473238314,4.0,1.3000000000000114,1.8,1.1399307359307347,0.4974357190435056,6.305001922830225,34.75387012987009,121.01130350202293
RaceBox Track Sessionon 29-05-2026 21-52.csv,7,42.828,3,L,42.71049350649346,25.702285714285683,29.63033766233763,203.20106499725912,-0.24873593073593042,0.0,0.0,0.0,0.5,1.0288787878787868,0.9053577006589081,5.105088062083995,29.63033766233763,219.7490472487744
RaceBox Track Sessionon 29-05-2026 21-52.csv,7,42.828,4,L,27.782493506493473,26.42368831168828,38.31833766233762,226.58150938226578,-0.9073376623376613,8.498653270615023,1.1999999999999886,0.30000000000001137,2.7,1.188597402597401,0.7218834147927505,4.891285228711477,42.65501298701293,256.065889648379
RaceBox Track Sessionon 29-05-2026 21-52.csv,7,42.828,5,L,43.341506493506444,33.45319480519477,42.42779220779216,278.24964979946367,-0.4206666666666662,25.710410066692816,2.3999999999999773,0.0,0.1,0.9944891774891764,0.5994989450198684,4.533492732054903,39.71594805194801,311.74242397928646
RaceBox Track Sessionon 29-05-2026 21-52.csv,7,42.828,6,L,43.634181818181766,28.487999999999968,37.604415584415534,323.3177284039944,-0.4206666666666662,15.0269907227119,1.6000000000000227,0.19999999999998863,0.5,0.7010952380952372,0.6012147477301518,5.8904862254815455,45.58067532467527,365.1259330231094
RaceBox Track Sessionon 29-05-2026 21-52.csv,8,43.047,1,R,51.25916883116877,22.990753246753222,34.47288311688308,26.495326829356053,-0.5490562770562764,0.0,0.0,5.7999999999999545,3.0,1.160320346320345,0.8330926673911353,4.686209041602614,34.22290909090905,121.01130350202293
RaceBox Track Sessionon 29-05-2026 21-52.csv,8,43.047,2,L,43.7278441558441,27.798389610389577,29.880467532467495,150.69655312226723,-0.649601731601731,30.99447523209578,3.0,0.5,2.9000000000000004,1.2351948051948038,0.464603921392658,5.14435797025341,28.800779220779187,156.2258152700639
RaceBox Track Sessionon 29-05-2026 21-52.csv,8,43.047,3,L,42.79153246753242,24.131064935064906,29.476207792207756,206.28515872267624,-0.47282683982683926,21.638534899882444,2.2000000000000455,0.30000000000001137,1.1,1.0788658008657996,0.9144177994786226,6.680247712007833,29.8737662337662,199.92092370106388
RaceBox Track Sessionon 29-05-2026 21-52.csv,8,43.047,4,L,26.265662337662306,26.265662337662306,28.047584415584385,209.33564942800695,-0.3128225108225105,0.0,0.0,0.39999999999997726,2.9000000000000004,1.249484848484847,0.728112531127096,6.680247712007833,41.81719480519476,262.0286976852694
RaceBox Track Sessionon 29-05-2026 21-52.csv,8,43.047,5,L,41.19989610389606,31.889922077922037,40.162597402597356,271.8614886607285,-0.30615584415584385,19.322248927957673,1.7999999999999545,0.0,0.5,0.7212337662337653,0.5964529005199695,5.384340742405742,42.229558441558396,311.74242397928646
RaceBox Track Sessionon 29-05-2026 21-52.csv,8,43.047,6,L,43.59802597402592,28.273714285714252,37.38779220779217,322.4849086097447,-0.5617142857142852,21.61039403800862,2.1000000000000227,0.39999999999997726,0.6000000000000001,1.197251082251081,0.601739906911942,5.589416929508001,46.80249350649345,369.01464270020836
RaceBox Track Sessionon 29-05-2026 21-52.csv,9,42.765,1,R,48.889558441558385,23.33688311688309,34.475844155844115,30.147209972942033,-0.4475411255411251,0.0,0.0,0.30000000000001137,3.5,1.1648095238095224,0.8339755866944434,4.428772976932907,48.86166233766228,119.70207789017145
RaceBox Track Sessionon 29-05-2026 21-52.csv,9,42.765,2,L,44.82872727272722,29.221402597402566,30.238753246753213,151.47844360229595,-0.4027619047619043,39.84021968352704,3.6999999999999886,1.5,3.3000000000000003,1.1640346320346306,0.5010900309404598,7.993607974133466,34.5721558441558,121.01130350202293
RaceBox Track Sessionon 29-05-2026 21-52.csv,9,42.765,3,L,43.746545454545405,27.033194805194775,28.0991688311688,205.47294022596142,-0.24674458874458846,0.0,0.0,0.0,0.4,0.9551212121212109,0.9246441120635808,6.854780637208512,28.0991688311688,219.7490472487744
RaceBox Track Sessionon 29-05-2026 21-52.csv,9,42.765,4,L,28.634181818181784,25.019064935064904,37.19111688311684,224.3580508431215,-0.6566450216450209,8.007639950104704,1.1000000000000227,0.0,2.1,1.3868225108225092,0.7461325684035172,6.854780637208512,37.82103896103892,264.2579172244486
RaceBox Track Sessionon 29-05-2026 21-52.csv,9,42.765,5,L,41.3786493506493,32.942961038961,40.6921558441558,272.7509482026615,-0.6566450216450209,16.685058554282477,1.5,0.19999999999998863,0.0,0.8075627705627697,0.6181853753852421,4.084070449669754,34.22961038961035,267.25044130046956
RaceBox Track Sessionon 29-05-2026 21-52.csv,9,42.765,6,L,43.18425974025969,28.455272727272693,37.756207792207746,322.4849086097447,-0.40742857142857103,0.0,0.0,0.39999999999997726,0.7000000000000001,1.2050216450216438,0.5893951913857636,3.521201765899099,41.06649350649346,352.9655106934546
RaceBox Track Sessionon 29-05-2026 21-52.csv,10,42.636,1,R,52.409298701298646,24.293766233766206,34.97314285714281,26.495326829356053,-0.4035324675324671,0.0,0.0,0.0,1.9000000000000001,1.1932207792207778,0.8436068896300126,3.5473817046786436,48.172207792207736,121.01130350202293
RaceBox Track Sessionon 29-05-2026 21-52.csv,10,42.636,2,L,40.39963636363632,28.193610389610356,28.891948051948017,153.03841865115206,-0.44835064935064883,37.38307385863841,3.6000000000000227,0.6000000000000227,2.0,1.3343636363636349,0.5338360899467351,7.8452549877154025,28.517142857142826,158.57326118214652
RaceBox Track Sessionon 29-05-2026 21-52.csv,10,42.636,3,L,42.98353246753241,26.180883116883084,29.64810389610386,205.47294022596142,-0.4196103896103892,20.826316403167624,2.099999999999966,0.0,0.8,0.9568008658008648,0.9202971418472817,4.934918460014858,29.64810389610386,219.7490472487744
RaceBox Track Sessionon 29-05-2026 21-52.csv,10,42.636,4,L,28.268883116883085,26.740207792207762,36.91012987012983,225.093910680353,-0.3801428571428567,11.423209080502659,1.400000000000034,0.6999999999999886,2.4000000000000004,1.0396580086580074,0.7140609051459672,5.301437602926823,38.676779220779174,248.07518884811319
RaceBox Track Sessionon 29-05-2026 21-52.csv,10,42.636,5,L,41.0507532467532,33.00093506493503,39.403480519480475,270.96458274747084,-0.20495238095238075,0.0,0.0,0.6000000000000227,0.5,0.7455021645021637,0.5906573626682173,3.8833575856878526,39.731376623376576,311.74242397928646
RaceBox Track Sessionon 29-05-2026 21-52.csv,10,42.636,6,L,43.435948051948,29.00945454545451,37.68140259740255,322.4849086097447,-0.3325930735930732,17.968677730915715,1.8000000000000114,0.39999999999997726,1.6,0.9758831168831158,0.5975260317680066,3.8833575856878526,53.65355844155838,400.07144368347895
RaceBox Track Sessionon 29-05-2026 21-52.csv,11,47.63,1,R,51.78857142857137,23.396259740259712,34.24051948051944,27.917034657464207,-0.31387445887445853,0.0,0.0,36.89999999999998,2.0,1.1089047619047607,0.8449144652731465,6.025749242511122,51.91636363636363,0.0
RaceBox Track Sessionon 29-05-2026 21-52.csv,11,47.63,2,L,41.071168831168784,28.238181818181786,29.933766233766196,155.38536181830224,-0.4319134199134194,43.74713789953333,4.399999999999977,0.39999999999997726,2.9000000000000004,1.276627705627704,0.5825397643147296,8.55647665790193,29.933766233766196,160.94387140949053
RaceBox Track Sessionon 29-05-2026 21-52.csv,11,47.63,3,L,43.07516883116878,26.17464935064932,29.344363636363603,206.28515872267624,-0.2887922077922075,0.0,0.0,0.0,0.8,0.8893939393939383,0.9006459179434912,4.345869837469691,29.344363636363603,219.7490472487744
RaceBox Track Sessionon 29-05-2026 21-52.csv,11,47.63,4,L,26.775896103896073,26.77542857142854,37.35428571428567,224.3580508431215,-0.4123982683982679,8.90353741002562,1.1999999999999886,0.0,3.1,1.0644285714285702,0.7124382405052602,4.380776422505964,32.69968831168828,264.2579172244486
RaceBox Track Sessionon 29-05-2026 21-52.csv,11,47.63,5,L,39.88020779220775,19.268415584415564,27.942233766233734,275.4969366753276,-0.4679610389610384,22.957696942556765,3.3000000000000114,0.0,0.2,0.4117922077922073,0.48441766992925495,3.1372293304601464,30.02072727272724,311.74242397928646
RaceBox Track Sessionon 29-05-2026 21-52.csv,11,47.63,6,L,32.37132467532464,20.045610389610363,32.69127272727269,325.78182724138736,-0.30945454545454515,24.907312669651276,3.5,0.8999999999999773,0.6000000000000001,0.6338744588744581,0.5269857077695321,3.119776037940219,52.302233766233705,401.57565401842515
RaceBox Track Sessionon 29-05-2026 21-52.csv,12,43.249,1,R,51.17298701298695,23.32862337662335,34.400571428571396,25.173348893996767,-0.7732640692640684,0.0,0.0,5.699999999999989,3.2,1.1812510822510809,0.8220004723760704,7.155849933171197,34.287116883116845,121.01130350202293
RaceBox Track Sessionon 29-05-2026 21-52.csv,12,43.249,2,L,37.285090909090876,29.639376623376588,30.027428571428533,157.77597367931415,-0.8290562770562762,44.78341339839807,4.400000000000034,1.599999999999966,1.6,1.236575757575756,0.5053065906689407,4.018620602715135,34.287116883116845,121.01130350202293
RaceBox Track Sessionon 29-05-2026 21-52.csv,12,43.249,3,L,43.48753246753242,26.66244155844153,29.25350649350646,205.47294022596142,-0.17119913419913402,0.0,0.0,0.6000000000000227,0.0,1.083160173160172,0.9865793845604123,12.003501930592686,29.25350649350646,219.7490472487744
RaceBox Track Sessionon 29-05-2026 21-52.csv,12,43.249,4,L,28.31563636363633,26.304311688311657,38.20441558441554,228.0724292441037,-0.3878051948051944,0.7577370912047741,0.0999999999999659,0.0,0.8,1.2092077922077908,0.7533515524373894,12.003501930592686,39.05392207792203,264.2579172244486
RaceBox Track Sessionon 29-05-2026 21-52.csv,12,43.249,5,L,40.3466493506493,32.26005194805191,40.150441558441514,272.7509482026615,-0.1924978354978353,0.0,0.0,0.39999999999997726,0.30000000000000004,0.715805194805194,0.5975025734575533,5.4977871437789485,44.64311688311683,309.4821215309821
RaceBox Track Sessionon 29-05-2026 21-52.csv,12,43.249,6,L,43.81636363636358,28.98498701298698,38.14987012987009,323.3177284039944,-0.4288961038961034,0.0,0.0,0.5,1.5,1.1848311688311675,0.6006123994233822,4.223696789824452,49.2958441558441,378.43340519354837
RaceBox Track Sessionon 29-05-2026 21-52.csv,13,42.746,1,R,50.4372467532467,23.798649350649324,34.363324675324634,28.642404849845292,-0.4159783549783545,0.0,0.0,5.7000000000000455,2.2,1.0917056277056265,0.8446467643962547,8.874999246388036,33.94176623376619,121.01130350202293
RaceBox Track Sessionon 29-05-2026 21-52.csv,13,42.746,2,L,40.268259740259694,27.849194805194774,29.397038961038927,155.38536181830224,-0.626709956709956,42.39280153738616,4.100000000000023,1.5,3.8000000000000003,1.3531255411255396,0.5256877031908465,6.693337681401353,33.94176623376619,121.01130350202293
RaceBox Track Sessionon 29-05-2026 21-52.csv,13,42.746,3,L,43.52337662337658,27.23672727272724,28.72737662337659,206.98583033616748,-0.33032034632034596,16.231769818089134,1.6999999999999318,0.09999999999990905,0.9,0.9960086580086568,0.8498434085362057,6.091199089451529,28.72737662337659,219.7490472487744
RaceBox Track Sessionon 29-05-2026 21-52.csv,13,42.746,4,L,28.27012987012984,24.964987012986985,37.05677922077918,225.093910680353,-0.4130649350649346,9.639397247257108,1.3000000000000682,0.20000000000004547,1.4000000000000001,1.3828095238095222,0.7499260610183001,6.091199089451529,37.933402597402555,264.2579172244486
RaceBox Track Sessionon 29-05-2026 21-52.csv,13,42.746,5,L,42.34254545454541,33.08212987012983,41.4986493506493,275.4969366753276,-0.4130649350649346,21.79512869529819,2.099999999999909,0.0,0.0,0.7793679653679645,0.6046947423672268,4.463679561975445,40.481610389610346,311.74242397928646
RaceBox Track Sessionon 29-05-2026 21-52.csv,13,42.746,6,L,44.43599999999994,28.06394805194802,37.20654545454541,324.1541069882232,-0.35882251082251043,15.863369306940683,1.7000000000000455,0.2999999999999545,0.9,1.1956363636363623,0.5982882446054855,4.463679561975445,54.48483116883111,421.3645113539617
RaceBox Track Sessionon 29-05-2026 21-52.csv,14,42.798,1,R,49.922337662337604,22.48379220779218,34.133454545454505,27.256326592789165,-0.3034675324675321,0.0,0.0,0.8999999999999773,1.4000000000000001,0.9882857142857132,0.8277823614267137,6.038839211892698,46.1091428571428,105.15332191388872
RaceBox Track Sessionon 29-05-2026 21-52.csv,14,42.798,2,L,40.82587012987008,28.405090909090877,29.820935064935032,152.2816288780997,-0.4733203463203458,14.403989910690086,1.6999999999999318,0.40000000000009095,2.2,1.2883246753246738,0.5604088168247368,10.044369845235709,29.50690909090906,159.33300242352524
RaceBox Track Sessionon 29-05-2026 21-52.csv,14,42.798,3,L,30.49215584415581,28.049922077922048,28.049922077922048,219.7490472487744,-0.25941558441558416,35.10242342598059,3.800000000000068,0.0,0.30000000000000004,0.7540043290043281,0.9008819646461214,6.976953684843172,28.049922077922048,219.7490472487744
RaceBox Track Sessionon 29-05-2026 21-52.csv,14,42.798,4,L,29.539480519480485,26.169506493506464,37.445766233766186,225.8456495452844,-0.6027186147186141,6.096602296510014,0.7999999999999545,0.5,2.3000000000000003,1.1938181818181803,0.741498158317499,6.976953684843172,39.42857142857138,264.2579172244486
RaceBox Track Sessionon 29-05-2026 21-52.csv,14,42.798,5,L,40.58851948051943,32.149714285714246,40.174129870129825,272.7509482026615,-0.6027186147186141,20.211708469890652,1.8999999999999773,0.5,0.6000000000000001,0.7520519480519472,0.6101605173656339,4.468042885106343,41.04311688311684,311.74242397928646
RaceBox Track Sessionon 29-05-2026 21-52.csv,14,42.798,6,L,44.18867532467527,28.73937662337659,37.58914285714281,324.1541069882232,-0.22238961038961017,0.0,0.0,0.8000000000000682,0.1,1.0002987012987001,0.5946781111937876,4.468042885106343,55.12114285714279,413.73327988758064
RaceBox Track Sessionon 29-05-2026 22-06.csv,1,45.523,1,R,40.38701298701294,22.930285714285688,28.297246753246718,29.3701827163694,-0.35842424242424203,0.0,0.0,1.3999999999999986,2.0,1.0034372294372282,0.7610676724406565,4.3633231299857815,45.2451428571428,110.33979923195845
RaceBox Track Sessionon 29-05-2026 22-06.csv,1,45.523,2,L,32.657298701298664,26.311324675324645,26.878285714285685,158.57326118214652,-0.6269177489177482,34.89181411358693,3.599999999999998,1.6999999999999993,2.6,1.1836406926406913,0.5189234979571695,3.8135444156076983,32.204883116883074,119.70207789017145
RaceBox Track Sessionon 29-05-2026 22-06.csv,1,45.523,3,L,40.931844155844104,25.0564675324675,29.015220779220748,203.96682804927408,-0.28266233766233734,19.320204226480286,2.1999999999999993,0.3000000000000007,0.30000000000000004,1.1226450216450203,0.8266601999319484,4.070980480276801,30.778285714285676,198.203520697894
RaceBox Track Sessionon 29-05-2026 22-06.csv,1,45.523,4,L,28.38981818181815,24.15631168831166,37.57324675324671,226.58150938226578,-0.23945454545454517,1.4875987019127876,0.1999999999999993,0.19999999999999574,0.9,1.1687619047619033,0.6554405025753255,4.070980480276801,36.182337662337616,264.2579172244486
RaceBox Track Sessionon 29-05-2026 22-06.csv,1,45.523,5,L,42.03038961038956,31.41880519480516,41.15096103896099,278.24964979946367,-0.2761818181818179,0.0,0.0,0.0,0.5,1.0006190476190464,0.5794214531772994,3.80481776934747,40.95506493506489,311.74242397928646
RaceBox Track Sessionon 29-05-2026 22-06.csv,1,45.523,6,L,42.535324675324624,27.72685714285711,36.675584415584375,323.3177284039944,-0.2761818181818179,12.723344365385799,1.7000000000000028,1.1000000000000014,0.30000000000000004,1.0369956709956698,0.5824641972376284,3.368485456348959,46.44046753246748,370.32673379560083
RaceBox Track Sessionon 29-05-2026 22-06.csv,2,43.743,1,R,47.96711688311683,24.004675324675297,32.68005194805191,28.642404849845292,-0.4547316017316012,17.233163072958178,1.8999999999999986,0.29999999999999716,2.1,1.120545454545455,0.8216174193931981,7.648905446865787,42.751948051948,81.10882057019775
RaceBox Track Sessionon 29-05-2026 22-06.csv,2,43.743,2,L,33.696467532467494,26.046389610389582,26.84103896103893,156.98743994021476,-0.23270562770562744,29.318453158062468,3.1999999999999957,2.8999999999999915,1.4000000000000001,1.2299090909090895,0.49852361789889954,5.4148840043125315,31.94805194805191,121.01130350202293
RaceBox Track Sessionon 29-05-2026 22-06.csv,2,43.743,3,L,42.577246753246705,25.973766233766202,28.798441558441528,205.47294022596142,-0.24867532467532444,12.285978806369314,1.5,0.4000000000000057,0.9,1.1916450216450203,0.8506017982703264,4.616395871524742,27.158025974025943,203.20106499725912
RaceBox Track Sessionon 29-05-2026 22-06.csv,2,43.743,4,L,27.905142857142824,23.646701298701274,37.12254545454542,225.093910680353,-0.39074458874458834,2.2335810689837103,0.5,1.0,1.2000000000000002,1.3112337662337648,0.7137267321887986,4.616395871524742,36.32322077922074,264.2579172244486
RaceBox Track Sessionon 29-05-2026 22-06.csv,2,43.743,5,L,42.1388571428571,30.562753246753214,40.3254545454545,275.4969366753276,-0.18010389610389588,0.0,0.0,1.2999999999999972,0.2,0.629800865800865,0.5950236048439334,4.98727833757326,35.222493506493464,267.25044130046956
RaceBox Track Sessionon 29-05-2026 22-06.csv,2,43.743,6,L,41.99158441558436,29.77480519480516,36.0322597402597,320.86257583859475,-0.2960562770562767,0.0,0.0,0.6000000000000085,0.9,0.9890303030303019,0.6039676395682102,3.2288591161894145,40.00161038961034,354.12646852030133
RaceBox Track Sessionon 29-05-2026 22-06.csv,3,43.64,1,R,48.83641558441553,25.003792207792177,34.174909090909054,29.3701827163694,-0.32012554112554076,16.70798975315717,1.9000000000000057,0.4000000000000057,1.7000000000000002,1.0440995670995659,0.8256368857489438,5.873032932961582,40.06098701298696,73.91167858304343
RaceBox Track Sessionon 29-05-2026 22-06.csv,3,43.64,2,L,34.28898701298697,26.386285714285684,27.26477922077919,156.98743994021476,-0.2593896103896101,11.161971536364064,1.5,2.4000000000000057,1.5,1.203640692640691,0.5586309319959102,7.8408916645842845,32.74270129870126,121.01130350202293
RaceBox Track Sessionon 29-05-2026 22-06.csv,3,43.64,3,L,43.76898701298696,26.247116883116853,28.68654545454542,206.98583033616748,-0.14467965367965355,0.0,0.0,0.0,0.0,0.9963419913419901,0.8952011028579673,7.378379412805804,26.247116883116853,206.98583033616748
RaceBox Track Sessionon 29-05-2026 22-06.csv,3,43.64,4,L,26.976155844155812,24.982285714285684,38.600259740259695,228.0724292441037,-0.24383116883116857,0.0,0.0,0.0,0.1,1.0811298701298688,0.7423710356456323,5.135631323993524,37.148103896103855,264.2579172244486
RaceBox Track Sessionon 29-05-2026 22-06.csv,3,43.64,5,L,40.86997402597398,32.00010389610386,37.05724675324671,271.8614886607285,-0.3274372294372291,8.687395406232724,0.9000000000000057,0.4000000000000057,0.30000000000000004,0.7009740259740251,0.6136228511191303,4.428772976935498,42.24981818181813,304.516230878829
RaceBox Track Sessionon 29-05-2026 22-06.csv,3,43.64,6,L,40.430337662337614,29.46420779220776,36.33724675324671,320.86257583859475,-0.27863203463203434,19.988061266858665,2.0,0.30000000000001137,0.8,1.0276536796536784,0.602273885714095,3.4470252726887027,52.94446753246747,400.07144368347895
RaceBox Track Sessionon 29-05-2026 22-06.csv,4,43.548,1,R,46.3078441558441,25.761194805194773,31.657246753246717,30.147209972942033,-0.22226406926406903,0.0,0.0,0.30000000000001137,1.2000000000000002,1.0856450216450204,0.8138707867555502,4.934918460014537,42.896415584415536,82.33155672890997
RaceBox Track Sessionon 29-05-2026 22-06.csv,4,43.548,2,L,35.00727272727269,25.112415584415555,26.382701298701267,158.57326118214652,-0.3531558441558437,11.90949988680029,1.700000000000017,2.8000000000000114,1.2000000000000002,1.1366839826839814,0.5185996712444391,6.422811647339792,33.462857142857104,121.01130350202293
RaceBox Track Sessionon 29-05-2026 22-06.csv,4,43.548,3,L,43.77085714285709,26.698753246753217,30.065922077922043,206.98583033616748,-0.22548917748917724,12.6993229101937,1.3000000000000114,0.30000000000001137,0.30000000000000004,0.9606883116883105,0.8759825016126371,5.144357970252914,33.33210389610386,198.203520697894
RaceBox Track Sessionon 29-05-2026 22-06.csv,4,43.548,4,L,27.128883116883088,24.443376623376597,38.50207792207788,226.58150938226578,-0.25001731601731575,2.9835853312167444,0.5,2.700000000000017,1.8,1.2257489177489165,0.7815567648347703,5.144357970252914,40.004883116883065,250.28444029120763
RaceBox Track Sessionon 29-05-2026 22-06.csv,4,43.548,5,L,40.877610389610346,30.66171428571425,38.86737662337658,272.7509482026615,-0.2867922077922075,0.0,0.0,0.6999999999999886,0.0,0.6771688311688304,0.587670525516068,5.480333851261077,40.375012987012944,311.74242397928646
RaceBox Track Sessionon 29-05-2026 22-06.csv,4,43.548,6,L,42.89423376623372,28.50389610389607,36.34690909090905,323.3177284039944,-0.2867922077922075,22.443213832258323,2.200000000000017,0.8000000000000114,0.4,0.9208614718614708,0.6000195304785249,3.481931857729086,46.10929870129864,370.32673379560083
RaceBox Track Sessionon 29-05-2026 22-06.csv,5,44.499,1,R,48.54529870129865,25.905350649350623,33.64129870129866,27.917034657464207,-0.4061125541125537,17.84950775453907,2.0,0.30000000000001137,0.8,1.1216580086580072,0.7991725994058888,2.5569073541713863,42.85153246753242,81.10882057019775
RaceBox Track Sessionon 29-05-2026 22-06.csv,5,44.499,2,L,34.54893506493503,23.874857142857113,24.9311688311688,159.33300242352524,-0.1815974025974024,0.0,0.0,1.0,0.6000000000000001,1.2038528138528124,0.5168948368833666,6.985680331108203,36.24264935064931,136.91930189187548
RaceBox Track Sessionon 29-05-2026 22-06.csv,5,44.499,3,L,42.42171428571424,24.643792207792178,28.202493506493475,209.33564942800695,-0.06406493506493502,0.0,0.0,0.0,0.0,1.0944199134199122,0.9635351234698328,6.462081555508466,24.643792207792178,209.33564942800695
RaceBox Track Sessionon 29-05-2026 22-06.csv,5,44.499,4,L,24.643792207792178,24.643792207792178,27.757402597402567,209.33564942800695,-0.21520779220779196,0.0,0.0,1.0,0.0,1.0519134199134188,0.8142438026705657,6.462081555508466,36.134337662337614,264.2579172244486
RaceBox Track Sessionon 29-05-2026 22-06.csv,5,44.499,5,L,41.57470129870126,31.687948051948016,39.44244155844151,271.8614886607285,-0.4634025974025969,0.0,0.0,0.0,0.0,0.7284632034632027,0.6198972030474281,3.9444441095076255,36.93646753246749,311.74242397928646
RaceBox Track Sessionon 29-05-2026 22-06.csv,5,44.499,6,L,42.53548051948047,24.896727272727244,36.970441558441514,319.2164790673122,-0.5121688311688306,8.622095028703598,1.4000000000000057,0.29999999999998295,1.3,0.7559653679653671,0.584819353779826,4.271693344254496,55.23818181818175,424.36546973607346
RaceBox Track Sessionon 29-05-2026 22-06.csv,6,43.436,1,R,46.84098701298696,22.519168831168805,33.457558441558405,28.642404849845292,-0.29256277056277025,18.574877946920154,1.9000000000000057,1.3000000000000114,1.0,1.0346753246753235,0.8119541887237443,5.410520681182701,33.717194805194765,59.92687558310678
RaceBox Track Sessionon 29-05-2026 22-06.csv,6,43.436,2,L,37.60379220779216,26.16342857142854,26.375064935064906,153.85952016287865,-0.22056277056277032,6.383385927299116,0.9000000000000057,0.29999999999998295,0.9,1.0873203463203451,0.511645551261867,4.42877297693606,26.884519480519447,155.38536181830224
RaceBox Track Sessionon 29-05-2026 22-06.csv,6,43.436,3,L,43.7945454545454,25.461506493506466,28.77662337662334,207.76942693001934,-0.23945887445887418,15.792395493638821,1.700000000000017,0.5,0.6000000000000001,0.9559696969696958,0.9175747763248283,4.105887065317138,32.090649350649315,199.92092370106388
RaceBox Track Sessionon 29-05-2026 22-06.csv,6,43.436,4,L,25.842701298701268,25.526181818181787,37.48098701298697,225.093910680353,-0.2708398268398265,0.0,0.0,0.0,1.4000000000000001,1.0709264069264057,0.7489493849001876,4.559672670835686,36.54109090909087,264.2579172244486
RaceBox Track Sessionon 29-05-2026 22-06.csv,6,43.436,5,L,41.35651948051943,31.985610389610358,39.49948051948048,271.8614886607285,-0.32262770562770526,11.012225022906307,1.0999999999999943,0.0,0.30000000000000004,0.8172987012987003,0.5953702510841118,4.049163864627303,41.05511688311683,311.74242397928646
RaceBox Track Sessionon 29-05-2026 22-06.csv,6,43.436,6,L,43.20342857142852,29.65075324675321,36.309818181818144,321.6874376262665,-0.40013852813852774,9.945013646980044,1.099999999999966,0.30000000000001137,0.8,0.9898268398268387,0.6030994773941405,3.228859116190118,53.453142857142794,400.07144368347895
RaceBox Track Sessionon 29-05-2026 22-06.csv,7,43.737,1,R,49.875428571428515,24.09023376623374,34.43937662337658,27.917034657464207,-0.3054761904761901,0.0,0.0,1.3999999999999773,1.3,1.029112554112553,0.8268580144579497,4.293509959904978,45.033818181818134,97.53138571043951
RaceBox Track Sessionon 29-05-2026 22-06.csv,7,43.737,2,L,34.5082597402597,26.319116883116852,26.629402597402567,160.13666809262526,-0.5129913419913414,18.624616770958056,2.5,3.0,1.7000000000000002,1.2397316017316002,0.5254877081195473,6.601707895666298,33.047376623376586,122.33603587013825
RaceBox Track Sessionon 29-05-2026 22-06.csv,7,43.737,3,L,43.63168831168826,18.73542857142855,29.693610389610356,205.47294022596142,-0.5539177489177483,14.718879707883076,1.6999999999999886,0.19999999999998863,1.3,1.1094761904761892,1.0278757216361196,15.280357601214577,18.73542857142855,205.47294022596142
RaceBox Track Sessionon 29-05-2026 22-06.csv,7,43.737,4,L,22.345246753246727,22.345246753246727,27.2591688311688,209.33564942800695,-0.27028138528138496,0.0,0.0,0.39999999999997726,1.5,1.1035974025974014,0.6499407336416129,3.289945640010394,30.46083116883113,236.27698368899865
RaceBox Track Sessionon 29-05-2026 22-06.csv,7,43.737,5,L,42.01683116883112,31.262181818181784,42.07574025974021,277.3245344095113,-0.36216450216450174,0.0,0.0,0.0,0.30000000000000004,0.7034458874458865,0.5686242495386092,3.289945640010394,38.84072727272723,311.74242397928646
RaceBox Track Sessionon 29-05-2026 22-06.csv,7,43.737,6,L,43.79189610389606,29.39298701298698,36.8641558441558,323.3177284039944,-0.3653376623376619,22.443213832258323,2.1999999999999886,0.2999999999999545,0.8,0.9398614718614708,0.6067098825606585,3.4077553645193044,43.18581818181813,360.12596474179685
RaceBox Track Sessionon 29-05-2026 22-06.csv,8,43.168,1,R,49.59709090909085,25.293818181818153,34.00768831168827,27.256326592789165,-0.2555584415584413,11.12014653139494,1.3999999999999773,0.5,0.9,1.0494935064935054,0.8293482794710731,3.529928412158946,32.2550649350649,53.94788798344705
RaceBox Track Sessionon 29-05-2026 22-06.csv,8,43.168,2,L,37.92638961038956,25.79812987012984,27.06888311688309,154.6403828181315,-0.41297402597402555,14.93050522771216,1.900000000000034,1.1000000000000227,1.7000000000000002,1.2376839826839812,0.4817530421800886,6.191555521450578,26.373194805194775,157.77597367931415
RaceBox Track Sessionon 29-05-2026 22-06.csv,8,43.168,3,L,44.24836363636359,25.393402597402567,28.067064935064902,206.98583033616748,-0.24860606060606033,0.0,0.0,0.0,0.4,1.0196883116883106,0.9799438967551254,5.039638215134195,28.067064935064902,219.7490472487744
RaceBox Track Sessionon 29-05-2026 22-06.csv,8,43.168,4,L,26.599324675324645,26.304311688311657,36.25184415584412,224.3580508431215,-0.2490649350649348,5.430407713125646,0.8000000000000114,1.5,1.3,1.0606363636363623,0.7177198177627445,5.039638215134195,33.0710649350649,238.05140972492995
RaceBox Track Sessionon 29-05-2026 22-06.csv,8,43.168,5,L,42.1388571428571,31.13828571428568,40.86638961038957,275.4969366753276,-0.1937922077922076,0.0,0.0,0.0,0.1,0.8172510822510812,0.586017762410688,4.585852609614614,37.72612987012982,311.74242397928646
RaceBox Track Sessionon 29-05-2026 22-06.csv,8,43.168,6,L,42.633506493506445,29.682389610389578,36.74368831168827,320.86257583859475,-0.39587012987012943,0.0,0.0,0.30000000000001137,0.9,0.9142683982683972,0.6173277357623598,3.931354140119341,53.9543376623376,401.57565401842515
RaceBox Track Sessionon 29-05-2026 22-06.csv,9,43.472,1,R,45.51958441558436,25.693714285714258,31.031688311688274,31.662883769467886,-0.23799134199134175,21.595356866542748,2.5,1.0,1.2000000000000002,1.0430303030303019,0.8471076248917706,5.990842657471189,31.691064935064897,23.78457827575472
RaceBox Track Sessionon 29-05-2026 22-06.csv,9,43.472,2,L,38.27719480519476,26.238233766233737,27.223012987012954,154.6403828181315,-0.19760606060606037,0.0,0.0,1.0,0.9,1.2472121212121197,0.5440670417026164,6.139195643889471,26.992519480519448,160.13666809262526
RaceBox Track Sessionon 29-05-2026 22-06.csv,9,43.472,3,L,42.52550649350645,26.88872727272724,28.836623376623344,203.20106499725912,-0.30549350649350615,18.554441174465325,1.8999999999999773,1.3000000000000114,0.0,0.9324545454545443,0.8963830333060532,5.179264555293763,29.828415584415552,199.0639646889553
RaceBox Track Sessionon 29-05-2026 22-06.csv,9,43.472,4,L,29.138961038961007,24.082129870129844,37.020779220779175,227.3146921528989,-0.4479437229437224,0.0,0.0,0.0,0.8,1.1496536796536783,0.68465385731088,5.179264555293763,37.40929870129865,264.2579172244486
RaceBox Track Sessionon 29-05-2026 22-06.csv,9,43.472,5,L,40.19158441558437,31.734545454545415,39.89314285714281,271.8614886607285,-0.4479437229437224,19.322248927957673,1.8000000000000114,0.0,0.5,0.8043636363636354,0.6050008471857613,3.695734691098433,37.5562597402597,311.74242397928646
RaceBox Track Sessionon 29-05-2026 22-06.csv,9,43.472,6,L,43.40244155844151,29.69049350649347,37.78987012987009,324.9539527170883,-0.48551515151515096,0.0,0.0,0.5,0.1,0.8531255411255402,0.592740138259338,2.8056167725802545,53.981922077922015,401.57565401842515
RaceBox Track Sessionon 29-05-2026 22-06.csv,10,43.568,1,R,48.05922077922072,27.878181818181787,32.6270649350649,28.642404849845292,-0.2680519480519477,17.233163072958178,1.900000000000034,0.6000000000000227,3.6,1.10338528138528,0.8330021974560934,5.510877113172683,47.86659740259734,118.31700522245038
RaceBox Track Sessionon 29-05-2026 22-06.csv,10,43.568,2,L,33.354545454545416,25.292259740259713,25.44903896103893,159.33300242352524,-0.2931298701298698,25.638390938005642,2.900000000000034,1.6000000000000227,1.9000000000000001,1.157268398268397,0.550594613047458,9.045168848457699,32.00664935064931,121.01130350202293
RaceBox Track Sessionon 29-05-2026 22-06.csv,10,43.568,3,L,42.90888311688307,24.490285714285687,27.579896103896072,207.76942693001934,-0.11048917748917736,0.0,0.0,0.0,0.1,0.9797445887445876,0.9910323256621332,6.719517620178932,24.490285714285687,207.76942693001934
RaceBox Track Sessionon 29-05-2026 22-06.csv,10,43.568,4,L,24.958597402597373,24.958597402597373,27.228779220779188,209.33564942800695,-0.19797402597402575,0.0,0.0,0.6000000000000227,0.8,1.0353463203463191,0.7466582825134697,6.719517620178932,27.32244155844153,230.36619016739408
RaceBox Track Sessionon 29-05-2026 22-06.csv,10,43.568,5,L,40.32888311688307,32.18851948051944,39.277090909090866,270.96458274747084,-0.13590476190476175,0.0,0.0,0.0,0.1,0.7795670995670987,0.6277437053749128,4.223696789826784,32.18851948051944,270.96458274747084
RaceBox Track Sessionon 29-05-2026 22-06.csv,10,43.568,6,L,43.2668571428571,29.69454545454542,37.877610389610346,324.1541069882232,-0.2886017316017313,0.0,0.0,0.20000000000004547,1.2000000000000002,0.947164502164501,0.6060206039018888,4.223696789826784,41.11371428571424,351.82745873618563
RaceBox Track Sessionon 29-05-2026 22-06.csv,11,43.441,1,R,50.45922077922072,27.031324675324644,32.00945454545451,28.642404849845292,-0.19267965367965348,0.0,0.0,2.5,1.8,1.2251471861471848,0.8325084706393173,4.3502331605937234,48.546389610389554,119.70207789017145
RaceBox Track Sessionon 29-05-2026 22-06.csv,11,43.441,2,L,36.82207792207788,25.77225974025971,26.79833766233763,155.38536181830224,-0.27954112554112526,26.479236895566572,2.6999999999999886,0.39999999999997726,1.9000000000000001,1.2337532467532453,0.6162997780214869,9.206611804269881,26.79833766233763,160.94387140949053
RaceBox Track Sessionon 29-05-2026 22-06.csv,11,43.441,3,L,41.67444155844151,25.725662337662307,28.73142857142854,206.28515872267624,-0.1903160173160171,0.0,0.0,0.0,0.2,1.0575064935064922,0.9221542998674189,6.278821984051065,28.73142857142854,219.7490472487744
RaceBox Track Sessionon 29-05-2026 22-06.csv,11,43.441,4,L,28.751532467532435,24.705818181818152,38.49911688311684,230.36619016739408,-0.2488051948051945,9.803236139085215,1.099999999999966,1.599999999999966,1.0,1.1310822510822498,0.6805636252576851,5.558873667602574,30.161766233766198,237.13892208784395
RaceBox Track Sessionon 29-05-2026 22-06.csv,11,43.441,5,L,41.52623376623372,30.787948051948014,41.54275324675319,277.3245344095113,-0.31167965367965333,0.0,0.0,0.0,0.1,0.8197099567099557,0.6003467484654432,7.2431163957759495,39.72794805194801,311.74242397928646
RaceBox Track Sessionon 29-05-2026 22-06.csv,11,43.441,6,L,42.68103896103891,29.769974025973994,36.896727272727226,321.6874376262665,-0.4190043290043285,15.939465749175326,1.8000000000000114,0.30000000000001137,0.9,1.1098051948051935,0.6138134178295023,3.852814323778247,54.08135064935059,401.57565401842515
RaceBox Track Sessionon 29-05-2026 22-06.csv,12,43.125,1,R,50.595896103896045,24.79168831168828,34.39309090909087,27.256326592789165,-0.3324761904761901,13.372110038264427,1.6000000000000227,6.100000000000023,1.2000000000000002,1.0885541125541114,0.8402558835352028,4.969825045054403,33.33101298701295,121.01130350202293
RaceBox Track Sessionon 29-05-2026 22-06.csv,12,43.125,2,L,39.02509090909086,26.81096103896101,28.0617662337662,153.03841865115206,-0.43738095238095187,38.74874788391713,3.900000000000034,1.0,2.3000000000000003,1.219402597402596,0.4747825538436742,5.000368306964318,28.0617662337662,160.13666809262526
RaceBox Track Sessionon 29-05-2026 22-06.csv,12,43.125,3,L,32.34342857142853,25.950389610389582,25.950389610389582,219.7490472487744,-0.47769264069264017,35.10242342598059,3.8999999999999773,0.0,1.1,1.1023852813852801,0.9179693241200497,5.218534463460961,25.950389610389582,219.7490472487744
RaceBox Track Sessionon 29-05-2026 22-06.csv,12,43.125,4,L,28.361454545454514,25.19922077922075,36.196831168831125,225.093910680353,-0.2664978354978352,7.853685985395202,0.9000000000000341,3.1999999999999886,1.3,1.1036060606060594,0.7055234507946695,5.218534463460961,41.43210389610385,256.065889648379
RaceBox Track Sessionon 29-05-2026 22-06.csv,12,43.125,5,L,41.43210389610385,32.33376623376619,41.74223376623372,275.4969366753276,-0.040151515151515105,0.0,0.0,0.0,0.0,0.8527748917748907,0.5907112828803691,2.9365164664787518,32.33376623376619,275.4969366753276
RaceBox Track Sessionon 29-05-2026 22-06.csv,12,43.125,6,L,44.18228571428566,29.93454545454542,37.429558441558406,324.1541069882232,-0.2699610389610387,10.3991095003841,1.3000000000000682,0.39999999999997726,0.4,1.1248701298701285,0.6129205156540829,5.174901232168326,54.49807792207786,404.59225097934615
RaceBox Track Sessionon 29-05-2026 22-06.csv,13,43.472,1,R,49.95646753246748,25.443272727272696,33.377766233766195,27.256326592789165,-0.30205627705627675,13.372110038264427,1.7000000000000455,0.39999999999997726,2.4000000000000004,1.1590692640692626,0.8286031231604687,3.547381704679961,31.42488311688308,55.90474737163466
RaceBox Track Sessionon 29-05-2026 22-06.csv,13,43.472,2,L,36.309506493506454,26.39672727272724,27.062181818181788,156.98743994021476,-0.35873593073593035,6.2908868179475235,0.8000000000000682,0.40000000000009095,2.0,1.1878528138528124,0.49972764890514193,6.3791784160363605,26.772779220779192,160.13666809262526
RaceBox Track Sessionon 29-05-2026 22-06.csv,13,43.472,3,L,43.27199999999995,26.39407792207789,28.420519480519445,206.98583033616748,-0.1606017316017314,0.0,0.0,1.0,0.1,1.1189826839826829,0.9374193557090742,6.684611035141121,34.472883116883075,198.203520697894
RaceBox Track Sessionon 29-05-2026 22-06.csv,13,43.472,4,L,27.44025974025971,23.590285714285688,36.740415584415544,226.58150938226578,-0.28650649350649315,0.0,0.0,0.0,0.9,1.1885844155844143,0.6999435769335296,6.684611035141121,38.76140259740255,263.1740932544958
RaceBox Track Sessionon 29-05-2026 22-06.csv,13,43.472,5,L,39.74649350649346,30.914025974025936,39.78763636363631,271.8614886607285,-0.4762987012987008,8.687395406232724,0.7999999999999545,0.0,0.0,0.7028787878787871,0.5932684208648045,3.551745027807106,40.37719480519476,311.74242397928646
RaceBox Track Sessionon 29-05-2026 22-06.csv,13,43.472,6,L,44.00166233766229,28.82415584415581,36.919948051948005,324.1541069882232,-0.3851125541125537,13.559722949614581,1.6000000000000227,1.0,0.6000000000000001,0.9472554112554101,0.6043041692432489,5.139994647118104,55.16571428571422,413.73327988758064
RaceBox Track Sessionon 29-05-2026 22-06.csv,14,43.373,1,R,50.04140259740254,27.570233766233734,33.55698701298698,27.917034657464207,-0.2170476190476188,0.0,0.0,0.20000000000004547,1.7000000000000002,1.1947445887445873,0.8331317889434614,4.228060112959812,45.859948051947995,110.33979923195845
RaceBox Track Sessionon 29-05-2026 22-06.csv,14,43.373,2,L,31.595688311688278,26.335792207792178,26.892311688311658,157.77597367931415,-0.34880952380952346,25.228555898610068,2.7000000000000455,0.39999999999997726,2.0,1.2690129870129854,0.5276466036101324,5.3581608036201525,26.77854545454542,160.13666809262526
RaceBox Track Sessionon 29-05-2026 22-06.csv,14,43.373,3,L,41.52140259740255,26.382233766233735,28.355532467532434,204.7303334236513,-0.24500865800865776,12.753301987270788,1.5,0.3000000000000682,0.30000000000000004,1.1480129870129856,0.9352475694013178,5.724679946543503,37.18051948051944,196.3953554870265
RaceBox Track Sessionon 29-05-2026 22-06.csv,14,43.373,4,L,27.93194805194802,24.6872727272727,36.863999999999955,225.8456495452844,-0.23325108225108201,0.0,0.0,0.2999999999999545,0.8,1.0835194805194794,0.6894308444035249,5.724679946543503,40.59911688311684,253.70180798002943
RaceBox Track Sessionon 29-05-2026 22-06.csv,14,43.373,5,L,41.36540259740255,28.96129870129867,40.56561038961034,276.4194838700681,-0.21853246753246733,1.842856545626205,0.3000000000000682,0.0,0.4,0.7462640692640684,0.5929217071204753,7.753625201995589,40.61049350649346,311.74242397928646
RaceBox Track Sessionon 29-05-2026 22-06.csv,14,43.373,6,L,42.399272727272674,28.335896103896072,37.23303896103892,321.6874376262665,-0.45216883116883066,17.17120674743751,1.8999999999999773,0.2999999999999545,1.2000000000000002,1.0829134199134185,0.6036565543595374,3.0368728984672955,51.76270129870124,388.3165444948234
